ticker,date,close
omn-za,12/29/2006,62.2
omn-za,1/2/2007,62.2
omn-za,1/3/2007,62
omn-za,1/4/2007,62.2
omn-za,1/5/2007,64.01
omn-za,1/8/2007,64.1
omn-za,1/9/2007,64
omn-za,1/10/2007,65.5
omn-za,1/11/2007,64.5
omn-za,1/12/2007,64
omn-za,1/15/2007,65
omn-za,1/16/2007,66
omn-za,1/17/2007,66.23
omn-za,1/18/2007,66.3
omn-za,1/19/2007,67
omn-za,1/22/2007,66
omn-za,1/23/2007,65.06
omn-za,1/24/2007,66
omn-za,1/25/2007,65.99
omn-za,1/26/2007,65
omn-za,1/29/2007,65
omn-za,1/30/2007,65.2
omn-za,1/31/2007,66.51
omn-za,2/1/2007,67
omn-za,2/2/2007,66.5
omn-za,2/5/2007,66.25
omn-za,2/6/2007,65
omn-za,2/7/2007,64
omn-za,2/8/2007,63.49
omn-za,2/9/2007,63.4
omn-za,2/12/2007,62.49
omn-za,2/13/2007,62
omn-za,2/14/2007,64
omn-za,2/15/2007,65
omn-za,2/16/2007,64.5
omn-za,2/19/2007,64.56
omn-za,2/20/2007,64.6
omn-za,2/21/2007,65.5
omn-za,2/22/2007,65.61
omn-za,2/23/2007,65.75
omn-za,2/26/2007,65.75
omn-za,2/27/2007,64.5
omn-za,2/28/2007,63.85
omn-za,3/1/2007,63
omn-za,3/2/2007,63
omn-za,3/5/2007,60
omn-za,3/6/2007,60.01
omn-za,3/7/2007,60
omn-za,3/8/2007,63
omn-za,3/9/2007,62
omn-za,3/12/2007,62.5
omn-za,3/13/2007,62.5
omn-za,3/14/2007,61.5
omn-za,3/15/2007,61.5
omn-za,3/16/2007,61.5
omn-za,3/19/2007,62
omn-za,3/20/2007,63
omn-za,3/22/2007,63.51
omn-za,3/23/2007,63.5
omn-za,3/26/2007,64.01
omn-za,3/27/2007,66
omn-za,3/28/2007,65.99
omn-za,3/29/2007,65.5
omn-za,3/30/2007,66
omn-za,4/2/2007,66.94
omn-za,4/3/2007,67.51
omn-za,4/4/2007,67.61
omn-za,4/5/2007,67.66
omn-za,4/10/2007,67.6
omn-za,4/11/2007,69.1
omn-za,4/12/2007,69
omn-za,4/13/2007,68.4
omn-za,4/16/2007,67.15
omn-za,4/17/2007,67.15
omn-za,4/18/2007,66.5
omn-za,4/19/2007,66.5
omn-za,4/20/2007,66.5
omn-za,4/23/2007,67
omn-za,4/24/2007,68.5
omn-za,4/25/2007,67
omn-za,4/26/2007,67
omn-za,4/30/2007,67
omn-za,5/2/2007,67.1
omn-za,5/3/2007,68
omn-za,5/4/2007,69.1
omn-za,5/7/2007,70.2
omn-za,5/8/2007,70.2
omn-za,5/9/2007,70.2
omn-za,5/10/2007,72
omn-za,5/11/2007,72
omn-za,5/14/2007,72
omn-za,5/15/2007,72.11
omn-za,5/16/2007,73.4
omn-za,5/17/2007,74.27
omn-za,5/18/2007,74
omn-za,5/21/2007,74.75
omn-za,5/22/2007,75.2
omn-za,5/23/2007,78.74
omn-za,5/24/2007,79.75
omn-za,5/25/2007,79
omn-za,5/28/2007,75
omn-za,5/29/2007,74.8
omn-za,5/30/2007,75.56
omn-za,5/31/2007,75.75
omn-za,6/1/2007,76
omn-za,6/4/2007,76.48
omn-za,6/5/2007,77
omn-za,6/6/2007,77
omn-za,6/7/2007,77.6
omn-za,6/8/2007,77
omn-za,6/11/2007,75.8
omn-za,6/12/2007,75.75
omn-za,6/13/2007,75
omn-za,6/14/2007,73.8
omn-za,6/15/2007,73.4
omn-za,6/18/2007,71.99
omn-za,6/19/2007,73
omn-za,6/20/2007,74.5
omn-za,6/21/2007,74
omn-za,6/22/2007,73.5
omn-za,6/25/2007,74.5
omn-za,6/26/2007,75
omn-za,6/27/2007,73.05
omn-za,6/28/2007,73.51
omn-za,6/29/2007,74.5
omn-za,7/2/2007,75
omn-za,7/3/2007,75
omn-za,7/4/2007,75
omn-za,7/5/2007,75
omn-za,7/6/2007,75
omn-za,7/9/2007,74
omn-za,7/10/2007,73.1
omn-za,7/11/2007,73
omn-za,7/12/2007,72.49
omn-za,7/13/2007,72
omn-za,7/16/2007,71
omn-za,7/17/2007,71
omn-za,7/18/2007,71
omn-za,7/19/2007,71.1
omn-za,7/20/2007,71.9
omn-za,7/23/2007,72
omn-za,7/24/2007,72
omn-za,7/25/2007,71.5
omn-za,7/26/2007,68
omn-za,7/27/2007,67.45
omn-za,7/30/2007,68
omn-za,7/31/2007,67.4
omn-za,8/1/2007,67.4
omn-za,8/2/2007,66
omn-za,8/3/2007,66
omn-za,8/6/2007,65.5
omn-za,8/7/2007,65.5
omn-za,8/8/2007,66
omn-za,8/10/2007,66
omn-za,8/13/2007,65.3
omn-za,8/14/2007,65
omn-za,8/15/2007,66.48
omn-za,8/16/2007,65
omn-za,8/17/2007,67.5
omn-za,8/20/2007,67.5
omn-za,8/21/2007,66
omn-za,8/22/2007,67.5
omn-za,8/23/2007,67
omn-za,8/24/2007,66.2
omn-za,8/27/2007,67
omn-za,8/28/2007,68.1
omn-za,8/29/2007,69.35
omn-za,8/30/2007,71.93
omn-za,8/31/2007,74.5
omn-za,9/3/2007,74.95
omn-za,9/4/2007,75
omn-za,9/5/2007,75
omn-za,9/6/2007,74.5
omn-za,9/7/2007,74.5
omn-za,9/10/2007,72
omn-za,9/11/2007,74
omn-za,9/12/2007,75
omn-za,9/13/2007,75.25
omn-za,9/14/2007,75
omn-za,9/17/2007,76
omn-za,9/18/2007,79.72
omn-za,9/19/2007,80
omn-za,9/20/2007,80
omn-za,9/21/2007,80
omn-za,9/25/2007,79
omn-za,9/26/2007,78.88
omn-za,9/27/2007,80.01
omn-za,9/28/2007,80.5
omn-za,10/1/2007,80.5
omn-za,10/2/2007,84
omn-za,10/3/2007,84
omn-za,10/4/2007,83.5
omn-za,10/5/2007,84
omn-za,10/8/2007,83.99
omn-za,10/9/2007,82
omn-za,10/10/2007,82
omn-za,10/11/2007,81
omn-za,10/12/2007,81
omn-za,10/15/2007,81
omn-za,10/16/2007,81
omn-za,10/17/2007,81
omn-za,10/18/2007,81
omn-za,10/19/2007,80.5
omn-za,10/22/2007,80.5
omn-za,10/23/2007,81
omn-za,10/24/2007,81
omn-za,10/25/2007,81
omn-za,10/26/2007,81
omn-za,10/29/2007,81.65
omn-za,10/30/2007,83
omn-za,10/31/2007,83
omn-za,11/1/2007,83
omn-za,11/2/2007,84
omn-za,11/5/2007,83
omn-za,11/6/2007,81.5
omn-za,11/7/2007,80.5
omn-za,11/8/2007,79.9
omn-za,11/9/2007,76
omn-za,11/12/2007,76
omn-za,11/13/2007,76
omn-za,11/14/2007,76
omn-za,11/15/2007,77.52
omn-za,11/16/2007,79.9
omn-za,11/19/2007,78
omn-za,11/20/2007,78
omn-za,11/21/2007,75
omn-za,11/22/2007,76.01
omn-za,11/23/2007,76.5
omn-za,11/26/2007,76.5
omn-za,11/27/2007,74.5
omn-za,11/28/2007,71
omn-za,11/29/2007,71
omn-za,11/30/2007,71
omn-za,12/3/2007,70
omn-za,12/4/2007,71.5
omn-za,12/5/2007,70.5
omn-za,12/6/2007,70.4
omn-za,12/7/2007,70.5
omn-za,12/10/2007,71
omn-za,12/11/2007,71.97
omn-za,12/12/2007,72.1
omn-za,12/13/2007,72
omn-za,12/14/2007,72.05
omn-za,12/18/2007,72.1
omn-za,12/19/2007,70.66
omn-za,12/20/2007,71
omn-za,12/21/2007,70.5
omn-za,12/24/2007,71
omn-za,12/27/2007,72
omn-za,12/28/2007,72
omn-za,12/31/2007,72
omn-za,1/2/2008,72
omn-za,1/3/2008,71.8
omn-za,1/4/2008,72
omn-za,1/7/2008,71.5
omn-za,1/8/2008,72
omn-za,1/9/2008,72
omn-za,1/10/2008,73
omn-za,1/11/2008,75.9
omn-za,1/14/2008,75.5
omn-za,1/15/2008,75.9
omn-za,1/16/2008,71.9
omn-za,1/17/2008,71
omn-za,1/18/2008,70.03
omn-za,1/21/2008,68.8
omn-za,1/22/2008,66
omn-za,1/23/2008,67.25
omn-za,1/24/2008,68.5
omn-za,1/25/2008,67.53
omn-za,1/28/2008,67
omn-za,1/29/2008,66.45
omn-za,1/30/2008,65.98
omn-za,1/31/2008,65
omn-za,2/1/2008,64.2
omn-za,2/4/2008,64.4
omn-za,2/5/2008,64.4
omn-za,2/6/2008,64.4
omn-za,2/7/2008,62.55
omn-za,2/8/2008,64
omn-za,2/11/2008,64.4
omn-za,2/12/2008,65.11
omn-za,2/13/2008,65.6
omn-za,2/14/2008,65.8
omn-za,2/15/2008,65.8
omn-za,2/18/2008,65.8
omn-za,2/19/2008,67
omn-za,2/20/2008,69
omn-za,2/21/2008,69.01
omn-za,2/22/2008,69.31
omn-za,2/25/2008,71
omn-za,2/26/2008,73.01
omn-za,2/27/2008,75
omn-za,2/28/2008,73
omn-za,2/29/2008,75
omn-za,3/3/2008,71.81
omn-za,3/4/2008,71.5
omn-za,3/5/2008,71.56
omn-za,3/6/2008,74
omn-za,3/7/2008,74.5
omn-za,3/10/2008,73.5
omn-za,3/11/2008,73
omn-za,3/12/2008,73.5
omn-za,3/13/2008,73.5
omn-za,3/14/2008,73.25
omn-za,3/17/2008,71
omn-za,3/18/2008,71.5
omn-za,3/19/2008,71.5
omn-za,3/20/2008,72
omn-za,3/25/2008,71
omn-za,3/26/2008,71
omn-za,3/27/2008,71.03
omn-za,3/28/2008,71.59
omn-za,3/31/2008,71
omn-za,4/1/2008,71
omn-za,4/2/2008,71
omn-za,4/3/2008,71.1
omn-za,4/4/2008,72
omn-za,4/7/2008,72
omn-za,4/8/2008,72
omn-za,4/9/2008,73
omn-za,4/10/2008,74.95
omn-za,4/11/2008,76.5
omn-za,4/14/2008,76.4
omn-za,4/15/2008,78.34
omn-za,4/16/2008,80.2
omn-za,4/17/2008,81
omn-za,4/18/2008,81
omn-za,4/21/2008,81.5
omn-za,4/22/2008,81.75
omn-za,4/23/2008,82.1
omn-za,4/24/2008,82.25
omn-za,4/25/2008,81.85
omn-za,4/29/2008,82
omn-za,4/30/2008,81.95
omn-za,5/5/2008,81
omn-za,5/6/2008,81
omn-za,5/7/2008,81
omn-za,5/8/2008,81
omn-za,5/9/2008,80
omn-za,5/12/2008,80.5
omn-za,5/13/2008,80.5
omn-za,5/14/2008,79.99
omn-za,5/15/2008,80
omn-za,5/16/2008,80
omn-za,5/19/2008,79
omn-za,5/20/2008,79
omn-za,5/21/2008,77.6
omn-za,5/22/2008,79.5
omn-za,5/23/2008,79.5
omn-za,5/26/2008,79
omn-za,5/27/2008,78.5
omn-za,5/28/2008,76
omn-za,5/29/2008,75.95
omn-za,5/30/2008,76
omn-za,6/2/2008,76
omn-za,6/3/2008,75.45
omn-za,6/4/2008,75.28
omn-za,6/5/2008,76.6
omn-za,6/6/2008,77.85
omn-za,6/9/2008,76.5
omn-za,6/10/2008,77.4
omn-za,6/11/2008,77.8
omn-za,6/12/2008,77.8
omn-za,6/13/2008,77.5
omn-za,6/17/2008,77.78
omn-za,6/18/2008,78.45
omn-za,6/19/2008,78.1
omn-za,6/20/2008,78.99
omn-za,6/23/2008,78.5
omn-za,6/24/2008,77.48
omn-za,6/25/2008,77
omn-za,6/26/2008,76.8
omn-za,6/27/2008,76.45
omn-za,6/30/2008,76
omn-za,7/1/2008,75.5
omn-za,7/2/2008,75.56
omn-za,7/3/2008,70.5
omn-za,7/4/2008,73.55
omn-za,7/7/2008,72.6
omn-za,7/8/2008,73.5
omn-za,7/9/2008,73.39
omn-za,7/10/2008,73.5
omn-za,7/11/2008,73.4
omn-za,7/14/2008,72.8
omn-za,7/15/2008,71.5
omn-za,7/16/2008,70
omn-za,7/17/2008,70.4
omn-za,7/18/2008,70
omn-za,7/21/2008,70
omn-za,7/22/2008,70
omn-za,7/23/2008,69.5
omn-za,7/24/2008,69.3
omn-za,7/25/2008,67.65
omn-za,7/28/2008,67.38
omn-za,7/29/2008,66.5
omn-za,7/30/2008,66.59
omn-za,7/31/2008,66.35
omn-za,8/1/2008,69.7
omn-za,8/4/2008,69.5
omn-za,8/5/2008,70
omn-za,8/6/2008,71.5
omn-za,8/7/2008,71.5
omn-za,8/8/2008,75
omn-za,8/11/2008,78.15
omn-za,8/12/2008,83.98
omn-za,8/13/2008,83.03
omn-za,8/14/2008,83.5
omn-za,8/15/2008,83.3
omn-za,8/18/2008,79.09
omn-za,8/19/2008,79.43
omn-za,8/20/2008,80
omn-za,8/21/2008,82.5
omn-za,8/22/2008,81
omn-za,8/25/2008,80.7
omn-za,8/26/2008,80.75
omn-za,8/27/2008,81
omn-za,8/28/2008,82
omn-za,8/29/2008,81
omn-za,9/1/2008,81
omn-za,9/2/2008,80.8
omn-za,9/3/2008,79.1
omn-za,9/4/2008,78.6
omn-za,9/5/2008,78
omn-za,9/8/2008,78
omn-za,9/9/2008,82
omn-za,9/10/2008,81
omn-za,9/11/2008,80.9
omn-za,9/12/2008,80.5
omn-za,9/15/2008,80.2
omn-za,9/16/2008,79.5
omn-za,9/17/2008,77.88
omn-za,9/18/2008,77.07
omn-za,9/19/2008,78
omn-za,9/22/2008,79
omn-za,9/23/2008,78.5
omn-za,9/25/2008,77
omn-za,9/26/2008,74.5
omn-za,9/29/2008,71
omn-za,9/30/2008,70
omn-za,10/1/2008,70
omn-za,10/2/2008,70.7
omn-za,10/3/2008,72.6
omn-za,10/6/2008,67.9
omn-za,10/7/2008,67.5
omn-za,10/8/2008,67.15
omn-za,10/9/2008,66.5
omn-za,10/10/2008,60
omn-za,10/13/2008,64.95
omn-za,10/14/2008,65.74
omn-za,10/15/2008,62
omn-za,10/16/2008,56
omn-za,10/17/2008,54.58
omn-za,10/20/2008,54
omn-za,10/21/2008,61.5
omn-za,10/22/2008,62.5
omn-za,10/23/2008,61.5
omn-za,10/24/2008,58.55
omn-za,10/27/2008,55.85
omn-za,10/28/2008,58
omn-za,10/29/2008,57.5
omn-za,10/30/2008,59
omn-za,10/31/2008,60
omn-za,11/3/2008,60
omn-za,11/4/2008,64
omn-za,11/5/2008,64
omn-za,11/6/2008,61
omn-za,11/7/2008,60.5
omn-za,11/10/2008,57.39
omn-za,11/11/2008,57.6
omn-za,11/12/2008,57.4
omn-za,11/13/2008,57.4
omn-za,11/14/2008,57.5
omn-za,11/17/2008,57.5
omn-za,11/18/2008,56
omn-za,11/19/2008,54
omn-za,11/20/2008,52.5
omn-za,11/21/2008,49.5
omn-za,11/24/2008,48.35
omn-za,11/25/2008,49
omn-za,11/26/2008,48.53
omn-za,11/27/2008,49
omn-za,11/28/2008,52
omn-za,12/1/2008,51.41
omn-za,12/2/2008,51.5
omn-za,12/3/2008,51.2
omn-za,12/4/2008,52
omn-za,12/5/2008,52.25
omn-za,12/8/2008,52.07
omn-za,12/9/2008,57.8
omn-za,12/10/2008,53.75
omn-za,12/11/2008,53.75
omn-za,12/12/2008,52.91
omn-za,12/15/2008,50.5
omn-za,12/17/2008,51
omn-za,12/18/2008,51.5
omn-za,12/19/2008,51
omn-za,12/22/2008,51
omn-za,12/23/2008,52.99
omn-za,12/24/2008,52.22
omn-za,12/29/2008,52
omn-za,12/30/2008,50.8
omn-za,12/31/2008,50.75
omn-za,1/2/2009,53
omn-za,1/5/2009,52
omn-za,1/6/2009,53.45
omn-za,1/7/2009,54
omn-za,1/8/2009,53.12
omn-za,1/9/2009,53.16
omn-za,1/12/2009,53.1
omn-za,1/13/2009,52.5
omn-za,1/14/2009,52.05
omn-za,1/15/2009,51.85
omn-za,1/16/2009,51.55
omn-za,1/19/2009,52
omn-za,1/20/2009,51.98
omn-za,1/21/2009,51.5
omn-za,1/22/2009,51.48
omn-za,1/23/2009,48
omn-za,1/26/2009,47.5
omn-za,1/27/2009,48.51
omn-za,1/28/2009,49.01
omn-za,1/29/2009,49.5
omn-za,1/30/2009,49.9
omn-za,2/2/2009,49.9
omn-za,2/3/2009,49.5
omn-za,2/4/2009,48.86
omn-za,2/5/2009,46.5
omn-za,2/6/2009,47.04
omn-za,2/9/2009,45.6
omn-za,2/10/2009,45
omn-za,2/11/2009,46
omn-za,2/12/2009,48.75
omn-za,2/13/2009,47.85
omn-za,2/16/2009,46
omn-za,2/17/2009,44.22
omn-za,2/18/2009,43
omn-za,2/19/2009,42
omn-za,2/20/2009,41.02
omn-za,2/23/2009,41.8
omn-za,2/24/2009,41.7
omn-za,2/25/2009,41.76
omn-za,2/26/2009,42.21
omn-za,2/27/2009,42.33
omn-za,3/2/2009,42
omn-za,3/3/2009,42
omn-za,3/4/2009,41.62
omn-za,3/5/2009,42
omn-za,3/6/2009,42
omn-za,3/9/2009,41.5
omn-za,3/10/2009,40.5
omn-za,3/11/2009,40
omn-za,3/12/2009,40
omn-za,3/13/2009,41
omn-za,3/16/2009,43
omn-za,3/17/2009,42
omn-za,3/18/2009,43.2
omn-za,3/19/2009,45.75
omn-za,3/20/2009,50
omn-za,3/23/2009,50.2
omn-za,3/24/2009,52.97
omn-za,3/25/2009,53
omn-za,3/26/2009,53
omn-za,3/27/2009,48
omn-za,3/30/2009,50
omn-za,3/31/2009,52
omn-za,4/1/2009,51.99
omn-za,4/2/2009,52.9
omn-za,4/3/2009,52
omn-za,4/6/2009,50
omn-za,4/7/2009,50
omn-za,4/8/2009,49.01
omn-za,4/9/2009,49.1
omn-za,4/14/2009,50.05
omn-za,4/15/2009,51.01
omn-za,4/16/2009,51.3
omn-za,4/17/2009,54
omn-za,4/20/2009,53.13
omn-za,4/21/2009,53.5
omn-za,4/23/2009,53.35
omn-za,4/24/2009,52.7
omn-za,4/28/2009,51.98
omn-za,4/29/2009,51.95
omn-za,4/30/2009,51.95
omn-za,5/4/2009,52
omn-za,5/5/2009,52
omn-za,5/6/2009,50.26
omn-za,5/7/2009,50.68
omn-za,5/8/2009,51
omn-za,5/11/2009,51
omn-za,5/12/2009,51
omn-za,5/13/2009,50.95
omn-za,5/14/2009,50.8
omn-za,5/15/2009,50.78
omn-za,5/18/2009,49.5
omn-za,5/19/2009,49.5
omn-za,5/20/2009,49.5
omn-za,5/21/2009,49.7
omn-za,5/22/2009,49.7
omn-za,5/25/2009,51.2
omn-za,5/26/2009,50.4
omn-za,5/27/2009,50.02
omn-za,5/28/2009,50.51
omn-za,5/29/2009,51.05
omn-za,6/1/2009,52.75
omn-za,6/2/2009,55.99
omn-za,6/3/2009,55.5
omn-za,6/4/2009,56
omn-za,6/5/2009,63.6
omn-za,6/8/2009,58
omn-za,6/9/2009,58.94
omn-za,6/10/2009,59.8
omn-za,6/11/2009,59.8
omn-za,6/12/2009,59
omn-za,6/15/2009,59
omn-za,6/17/2009,58
omn-za,6/18/2009,57.9
omn-za,6/19/2009,57.75
omn-za,6/22/2009,56.49
omn-za,6/23/2009,57.5
omn-za,6/24/2009,56.7
omn-za,6/25/2009,55.71
omn-za,6/26/2009,57
omn-za,6/29/2009,57.5
omn-za,6/30/2009,57.15
omn-za,7/1/2009,57.28
omn-za,7/2/2009,57.77
omn-za,7/3/2009,57.53
omn-za,7/6/2009,57.02
omn-za,7/7/2009,56.52
omn-za,7/8/2009,56.01
omn-za,7/9/2009,57
omn-za,7/10/2009,57
omn-za,7/13/2009,57
omn-za,7/14/2009,58.4
omn-za,7/15/2009,59
omn-za,7/16/2009,57.28
omn-za,7/17/2009,57.5
omn-za,7/20/2009,56
omn-za,7/21/2009,55.6
omn-za,7/22/2009,55.11
omn-za,7/23/2009,55.2
omn-za,7/24/2009,56
omn-za,7/27/2009,56
omn-za,7/28/2009,56
omn-za,7/29/2009,56
omn-za,7/30/2009,56
omn-za,7/31/2009,55.8
omn-za,8/3/2009,56
omn-za,8/4/2009,56
omn-za,8/5/2009,55
omn-za,8/6/2009,55.4
omn-za,8/7/2009,55.35
omn-za,8/11/2009,55.2
omn-za,8/12/2009,54.6
omn-za,8/13/2009,55.2
omn-za,8/14/2009,55.25
omn-za,8/17/2009,54.5
omn-za,8/18/2009,55
omn-za,8/19/2009,55
omn-za,8/20/2009,57.75
omn-za,8/21/2009,57.5
omn-za,8/24/2009,57.75
omn-za,8/25/2009,58
omn-za,8/26/2009,59.2
omn-za,8/27/2009,58.5
omn-za,8/28/2009,57.5
omn-za,8/31/2009,58.5
omn-za,9/1/2009,58.5
omn-za,9/2/2009,59
omn-za,9/3/2009,58.75
omn-za,9/4/2009,59.1
omn-za,9/7/2009,58
omn-za,9/8/2009,56.5
omn-za,9/9/2009,56.65
omn-za,9/10/2009,57
omn-za,9/11/2009,57.25
omn-za,9/14/2009,57.5
omn-za,9/15/2009,57
omn-za,9/16/2009,57.5
omn-za,9/17/2009,58
omn-za,9/18/2009,59
omn-za,9/21/2009,57.9
omn-za,9/22/2009,59
omn-za,9/23/2009,59.9
omn-za,9/25/2009,59
omn-za,9/28/2009,59.75
omn-za,9/29/2009,59.96
omn-za,9/30/2009,60
omn-za,10/1/2009,59.85
omn-za,10/2/2009,59
omn-za,10/5/2009,58.55
omn-za,10/6/2009,59.9
omn-za,10/7/2009,59.85
omn-za,10/8/2009,60.1
omn-za,10/9/2009,60.5
omn-za,10/12/2009,61
omn-za,10/13/2009,60
omn-za,10/14/2009,62.95
omn-za,10/15/2009,63
omn-za,10/16/2009,63
omn-za,10/19/2009,62.5
omn-za,10/20/2009,61
omn-za,10/21/2009,61.25
omn-za,10/22/2009,61.5
omn-za,10/23/2009,56.02
omn-za,10/26/2009,56
omn-za,10/27/2009,55.6
omn-za,10/28/2009,56
omn-za,10/29/2009,58
omn-za,10/30/2009,58.05
omn-za,11/2/2009,60
omn-za,11/3/2009,59.25
omn-za,11/4/2009,58.5
omn-za,11/5/2009,59
omn-za,11/6/2009,59.1
omn-za,11/9/2009,60
omn-za,11/10/2009,60
omn-za,11/11/2009,61
omn-za,11/12/2009,58.5
omn-za,11/13/2009,58.5
omn-za,11/16/2009,57.5
omn-za,11/17/2009,58.56
omn-za,11/18/2009,58.75
omn-za,11/19/2009,59.25
omn-za,11/20/2009,60
omn-za,11/23/2009,59.55
omn-za,11/24/2009,60
omn-za,11/25/2009,59.05
omn-za,11/26/2009,59.2
omn-za,11/27/2009,59
omn-za,11/30/2009,58.5
omn-za,12/1/2009,59
omn-za,12/2/2009,60
omn-za,12/3/2009,60
omn-za,12/4/2009,60
omn-za,12/7/2009,60
omn-za,12/8/2009,59.9
omn-za,12/9/2009,59
omn-za,12/10/2009,59.5
omn-za,12/11/2009,59.5
omn-za,12/14/2009,59.9
omn-za,12/15/2009,59.5
omn-za,12/17/2009,59.75
omn-za,12/18/2009,59.5
omn-za,12/21/2009,59
omn-za,12/22/2009,59.5
omn-za,12/23/2009,59
omn-za,12/24/2009,59.5
omn-za,12/28/2009,59.8
omn-za,12/29/2009,59.4
omn-za,12/30/2009,59.4
omn-za,12/31/2009,59.5
omn-za,1/4/2010,59.4
omn-za,1/5/2010,59.5
omn-za,1/6/2010,60
omn-za,1/7/2010,60
omn-za,1/8/2010,61
omn-za,1/11/2010,60.5
omn-za,1/12/2010,60.5
omn-za,1/13/2010,60
omn-za,1/14/2010,60.15
omn-za,1/15/2010,61.5
omn-za,1/18/2010,61.8
omn-za,1/19/2010,61.8
omn-za,1/20/2010,62.5
omn-za,1/21/2010,61.35
omn-za,1/22/2010,61.35
omn-za,1/25/2010,61
omn-za,1/26/2010,60.5
omn-za,1/27/2010,61
omn-za,1/28/2010,60
omn-za,1/29/2010,60
omn-za,2/1/2010,60.5
omn-za,2/2/2010,60
omn-za,2/3/2010,60
omn-za,2/4/2010,59.9
omn-za,2/5/2010,59.9
omn-za,2/8/2010,60.01
omn-za,2/9/2010,60.5
omn-za,2/10/2010,60.35
omn-za,2/11/2010,60.3
omn-za,2/12/2010,60.49
omn-za,2/15/2010,60
omn-za,2/16/2010,60.1
omn-za,2/17/2010,60.5
omn-za,2/18/2010,62.5
omn-za,2/19/2010,62.2
omn-za,2/22/2010,61.5
omn-za,2/23/2010,61
omn-za,2/24/2010,60.5
omn-za,2/25/2010,60.7
omn-za,2/26/2010,60.5
omn-za,3/1/2010,60.8
omn-za,3/2/2010,61
omn-za,3/3/2010,61
omn-za,3/4/2010,61
omn-za,3/5/2010,61
omn-za,3/8/2010,61
omn-za,3/9/2010,60
omn-za,3/10/2010,59
omn-za,3/11/2010,60
omn-za,3/12/2010,60
omn-za,3/15/2010,60.25
omn-za,3/16/2010,60.01
omn-za,3/17/2010,60.03
omn-za,3/18/2010,60.02
omn-za,3/19/2010,60.01
omn-za,3/23/2010,61.5
omn-za,3/24/2010,60
omn-za,3/25/2010,61
omn-za,3/26/2010,61
omn-za,3/29/2010,61.3
omn-za,3/30/2010,62.4
omn-za,3/31/2010,62.89
omn-za,4/1/2010,64
omn-za,4/6/2010,64.5
omn-za,4/7/2010,64.5
omn-za,4/8/2010,68.77
omn-za,4/9/2010,65.6
omn-za,4/12/2010,66.76
omn-za,4/13/2010,68.5
omn-za,4/14/2010,69
omn-za,4/15/2010,71
omn-za,4/16/2010,70.5
omn-za,4/19/2010,70.99
omn-za,4/20/2010,69.7
omn-za,4/21/2010,71
omn-za,4/22/2010,71
omn-za,4/23/2010,70.35
omn-za,4/26/2010,70.35
omn-za,4/28/2010,69.5
omn-za,4/29/2010,68
omn-za,4/30/2010,65.01
omn-za,5/3/2010,67
omn-za,5/4/2010,67
omn-za,5/5/2010,66.5
omn-za,5/6/2010,66.5
omn-za,5/7/2010,66.5
omn-za,5/10/2010,65
omn-za,5/11/2010,64.5
omn-za,5/12/2010,64.5
omn-za,5/13/2010,63.51
omn-za,5/14/2010,61
omn-za,5/17/2010,60.5
omn-za,5/18/2010,64.95
omn-za,5/19/2010,63
omn-za,5/20/2010,62
omn-za,5/21/2010,63
omn-za,5/24/2010,60.87
omn-za,5/25/2010,59.5
omn-za,5/26/2010,61
omn-za,5/27/2010,61.4
omn-za,5/28/2010,61
omn-za,5/31/2010,61
omn-za,6/1/2010,61
omn-za,6/2/2010,60
omn-za,6/3/2010,60.8
omn-za,6/4/2010,62.2
omn-za,6/7/2010,62.2
omn-za,6/8/2010,62
omn-za,6/9/2010,60
omn-za,6/10/2010,60.5
omn-za,6/11/2010,61
omn-za,6/14/2010,60.1
omn-za,6/15/2010,60.8
omn-za,6/17/2010,62
omn-za,6/18/2010,62
omn-za,6/21/2010,61.98
omn-za,6/22/2010,61.98
omn-za,6/23/2010,61.01
omn-za,6/24/2010,61.01
omn-za,6/25/2010,61.01
omn-za,6/28/2010,61.25
omn-za,6/29/2010,61.05
omn-za,6/30/2010,61.01
omn-za,7/1/2010,58
omn-za,7/2/2010,55.5
omn-za,7/5/2010,57
omn-za,7/6/2010,57.57
omn-za,7/7/2010,57.67
omn-za,7/8/2010,60
omn-za,7/9/2010,60.5
omn-za,7/12/2010,60
omn-za,7/13/2010,60.05
omn-za,7/14/2010,60.19
omn-za,7/15/2010,60.01
omn-za,7/16/2010,60.5
omn-za,7/19/2010,60.5
omn-za,7/20/2010,60.5
omn-za,7/21/2010,60.5
omn-za,7/22/2010,64.49
omn-za,7/23/2010,64.49
omn-za,7/26/2010,63.5
omn-za,7/27/2010,62
omn-za,7/28/2010,63.5
omn-za,7/29/2010,63.49
omn-za,7/30/2010,63
omn-za,8/2/2010,67.4
omn-za,8/3/2010,66.95
omn-za,8/4/2010,66.49
omn-za,8/5/2010,65.95
omn-za,8/6/2010,66
omn-za,8/10/2010,65
omn-za,8/11/2010,64.1
omn-za,8/12/2010,64
omn-za,8/13/2010,64.2
omn-za,8/16/2010,61.5
omn-za,8/17/2010,61.5
omn-za,8/18/2010,59.25
omn-za,8/19/2010,58.9
omn-za,8/20/2010,60.5
omn-za,8/23/2010,60
omn-za,8/24/2010,60
omn-za,8/25/2010,59.5
omn-za,8/26/2010,58.6
omn-za,8/27/2010,60
omn-za,8/30/2010,58.1
omn-za,8/31/2010,58
omn-za,9/1/2010,58.82
omn-za,9/2/2010,58.9
omn-za,9/3/2010,59.5
omn-za,9/6/2010,61.74
omn-za,9/7/2010,61.94
omn-za,9/8/2010,60
omn-za,9/9/2010,59
omn-za,9/10/2010,59.1
omn-za,9/13/2010,60
omn-za,9/14/2010,59.99
omn-za,9/15/2010,60.25
omn-za,9/16/2010,60.32
omn-za,9/17/2010,63
omn-za,9/20/2010,63
omn-za,9/21/2010,62.71
omn-za,9/22/2010,64
omn-za,9/23/2010,63.99
omn-za,9/27/2010,63.11
omn-za,9/28/2010,64.3
omn-za,9/29/2010,63.6
omn-za,9/30/2010,63.9
omn-za,10/1/2010,63.8
omn-za,10/4/2010,64
omn-za,10/5/2010,65
omn-za,10/6/2010,64.57
omn-za,10/7/2010,64.5
omn-za,10/8/2010,64.5
omn-za,10/11/2010,64.5
omn-za,10/12/2010,63.99
omn-za,10/13/2010,64.4
omn-za,10/14/2010,65.4
omn-za,10/15/2010,65.9
omn-za,10/18/2010,67
omn-za,10/19/2010,66
omn-za,10/20/2010,65.98
omn-za,10/21/2010,65.5
omn-za,10/22/2010,66
omn-za,10/25/2010,65.25
omn-za,10/26/2010,65.5
omn-za,10/27/2010,65.8
omn-za,10/28/2010,65.5
omn-za,10/29/2010,65.25
omn-za,11/1/2010,65.01
omn-za,11/2/2010,64
omn-za,11/3/2010,65
omn-za,11/4/2010,66.45
omn-za,11/5/2010,66.35
omn-za,11/8/2010,65.7
omn-za,11/9/2010,65.01
omn-za,11/10/2010,66.06
omn-za,11/11/2010,65.92
omn-za,11/12/2010,65.91
omn-za,11/15/2010,66.5
omn-za,11/16/2010,66
omn-za,11/17/2010,65.6
omn-za,11/18/2010,66
omn-za,11/19/2010,65.52
omn-za,11/22/2010,63.61
omn-za,11/23/2010,64.74
omn-za,11/24/2010,65.02
omn-za,11/25/2010,64.45
omn-za,11/26/2010,65.3
omn-za,11/29/2010,65.5
omn-za,11/30/2010,67.08
omn-za,12/1/2010,68.61
omn-za,12/2/2010,68.94
omn-za,12/3/2010,69.49
omn-za,12/6/2010,67.27
omn-za,12/7/2010,70
omn-za,12/8/2010,71.69
omn-za,12/9/2010,71
omn-za,12/10/2010,70.5
omn-za,12/13/2010,69.74
omn-za,12/14/2010,71.5
omn-za,12/15/2010,71.5
omn-za,12/17/2010,71.48
omn-za,12/20/2010,71.5
omn-za,12/21/2010,73.47
omn-za,12/22/2010,77.48
omn-za,12/23/2010,74.87
omn-za,12/24/2010,72.63
omn-za,12/28/2010,75.18
omn-za,12/29/2010,76
omn-za,12/30/2010,74.4
omn-za,12/31/2010,76.92
omn-za,1/3/2011,75.17
omn-za,1/4/2011,74.33
omn-za,1/5/2011,73.6
omn-za,1/6/2011,73.46
omn-za,1/7/2011,74
omn-za,1/10/2011,74
omn-za,1/11/2011,77
omn-za,1/12/2011,77.5
omn-za,1/13/2011,77.5
omn-za,1/14/2011,77.08
omn-za,1/17/2011,74.41
omn-za,1/18/2011,75
omn-za,1/19/2011,75
omn-za,1/20/2011,75.01
omn-za,1/21/2011,75.6
omn-za,1/24/2011,76.5
omn-za,1/25/2011,76.7
omn-za,1/26/2011,75.55
omn-za,1/27/2011,74.98
omn-za,1/28/2011,74.98
omn-za,1/31/2011,74
omn-za,2/1/2011,73
omn-za,2/2/2011,72.92
omn-za,2/3/2011,72.5
omn-za,2/4/2011,73
omn-za,2/7/2011,73
omn-za,2/8/2011,72.99
omn-za,2/9/2011,74
omn-za,2/10/2011,76
omn-za,2/11/2011,74.01
omn-za,2/14/2011,74.3
omn-za,2/15/2011,74.19
omn-za,2/16/2011,74.21
omn-za,2/17/2011,75.7
omn-za,2/18/2011,75.02
omn-za,2/21/2011,76.5
omn-za,2/22/2011,77
omn-za,2/23/2011,77
omn-za,2/24/2011,75.25
omn-za,2/25/2011,74
omn-za,2/28/2011,75
omn-za,3/1/2011,75
omn-za,3/2/2011,74.49
omn-za,3/3/2011,76.49
omn-za,3/4/2011,77
omn-za,3/7/2011,74.6
omn-za,3/8/2011,74
omn-za,3/9/2011,74.47
omn-za,3/10/2011,74.19
omn-za,3/11/2011,72.82
omn-za,3/14/2011,74.2
omn-za,3/15/2011,74.5
omn-za,3/16/2011,74.4
omn-za,3/17/2011,74
omn-za,3/18/2011,73.65
omn-za,3/22/2011,73.4
omn-za,3/23/2011,74
omn-za,3/24/2011,73.5
omn-za,3/25/2011,73.89
omn-za,3/28/2011,73.7
omn-za,3/29/2011,73.18
omn-za,3/30/2011,73
omn-za,3/31/2011,73.24
omn-za,4/1/2011,73.25
omn-za,4/4/2011,74.5
omn-za,4/5/2011,73.99
omn-za,4/6/2011,73.99
omn-za,4/7/2011,73.95
omn-za,4/8/2011,73.88
omn-za,4/11/2011,73.5
omn-za,4/12/2011,73.25
omn-za,4/13/2011,73.25
omn-za,4/14/2011,72
omn-za,4/15/2011,71.51
omn-za,4/18/2011,71.9
omn-za,4/19/2011,71.91
omn-za,4/20/2011,75
omn-za,4/21/2011,73.5
omn-za,4/26/2011,74
omn-za,4/28/2011,73.28
omn-za,4/29/2011,75
omn-za,5/3/2011,73.5
omn-za,5/4/2011,72.99
omn-za,5/5/2011,72.75
omn-za,5/6/2011,73.51
omn-za,5/9/2011,74
omn-za,5/10/2011,74.75
omn-za,5/11/2011,79.45
omn-za,5/12/2011,78
omn-za,5/13/2011,77.3
omn-za,5/16/2011,77
omn-za,5/17/2011,75.99
omn-za,5/19/2011,75.75
omn-za,5/20/2011,75.52
omn-za,5/23/2011,75
omn-za,5/24/2011,76
omn-za,5/25/2011,77
omn-za,5/26/2011,77.35
omn-za,5/27/2011,77.5
omn-za,5/30/2011,78.75
omn-za,5/31/2011,79
omn-za,6/1/2011,79.45
omn-za,6/2/2011,78.8
omn-za,6/3/2011,78.8
omn-za,6/6/2011,78
omn-za,6/7/2011,77.57
omn-za,6/8/2011,78.1
omn-za,6/9/2011,78.5
omn-za,6/10/2011,78.5
omn-za,6/13/2011,78
omn-za,6/14/2011,77.8
omn-za,6/15/2011,76.44
omn-za,6/17/2011,78
omn-za,6/20/2011,77
omn-za,6/21/2011,77.89
omn-za,6/22/2011,76.93
omn-za,6/23/2011,76.23
omn-za,6/24/2011,76.26
omn-za,6/27/2011,74.52
omn-za,6/28/2011,75.72
omn-za,6/29/2011,75.5
omn-za,6/30/2011,79.32
omn-za,7/1/2011,79.49
omn-za,7/4/2011,79.5
omn-za,7/5/2011,79.5
omn-za,7/6/2011,79.8
omn-za,7/7/2011,79.5
omn-za,7/8/2011,79.48
omn-za,7/11/2011,79.5
omn-za,7/12/2011,79.35
omn-za,7/13/2011,80
omn-za,7/14/2011,79.98
omn-za,7/15/2011,79.89
omn-za,7/18/2011,79.85
omn-za,7/19/2011,80
omn-za,7/20/2011,79.49
omn-za,7/21/2011,79
omn-za,7/22/2011,78.95
omn-za,7/25/2011,78.49
omn-za,7/26/2011,79
omn-za,7/27/2011,79.94
omn-za,7/28/2011,79.99
omn-za,7/29/2011,80
omn-za,8/1/2011,80
omn-za,8/2/2011,79.7
omn-za,8/3/2011,79
omn-za,8/4/2011,79
omn-za,8/5/2011,78.21
omn-za,8/8/2011,76.39
omn-za,8/10/2011,75
omn-za,8/11/2011,74.5
omn-za,8/12/2011,75
omn-za,8/15/2011,75.5
omn-za,8/16/2011,76.4
omn-za,8/17/2011,77.89
omn-za,8/18/2011,79.99
omn-za,8/19/2011,76.5
omn-za,8/22/2011,76
omn-za,8/23/2011,75.77
omn-za,8/24/2011,75.1
omn-za,8/25/2011,76.26
omn-za,8/26/2011,76.88
omn-za,8/29/2011,77
omn-za,8/30/2011,77.01
omn-za,8/31/2011,78.5
omn-za,9/1/2011,79.45
omn-za,9/2/2011,78.99
omn-za,9/5/2011,78
omn-za,9/6/2011,78.5
omn-za,9/7/2011,78.5
omn-za,9/8/2011,79.25
omn-za,9/9/2011,78.88
omn-za,9/12/2011,78.36
omn-za,9/13/2011,78.5
omn-za,9/14/2011,78.5
omn-za,9/15/2011,78.3
omn-za,9/16/2011,74.01
omn-za,9/19/2011,76
omn-za,9/20/2011,77.34
omn-za,9/21/2011,77
omn-za,9/22/2011,75.5
omn-za,9/23/2011,76.04
omn-za,9/26/2011,75.5
omn-za,9/27/2011,75.79
omn-za,9/28/2011,76.01
omn-za,9/29/2011,76.51
omn-za,9/30/2011,76
omn-za,10/3/2011,75.65
omn-za,10/4/2011,78.71
omn-za,10/5/2011,78.25
omn-za,10/6/2011,78.6
omn-za,10/7/2011,79.95
omn-za,10/10/2011,80
omn-za,10/11/2011,80
omn-za,10/12/2011,79.33
omn-za,10/13/2011,80
omn-za,10/14/2011,80
omn-za,10/17/2011,80
omn-za,10/18/2011,80
omn-za,10/19/2011,79.9
omn-za,10/20/2011,79.95
omn-za,10/21/2011,79.65
omn-za,10/24/2011,79.8
omn-za,10/25/2011,80
omn-za,10/26/2011,80.57
omn-za,10/27/2011,82
omn-za,10/28/2011,80.5
omn-za,10/31/2011,79
omn-za,11/1/2011,79.14
omn-za,11/2/2011,79.98
omn-za,11/3/2011,79.1
omn-za,11/4/2011,79.31
omn-za,11/7/2011,80.2
omn-za,11/8/2011,81
omn-za,11/9/2011,81.1
omn-za,11/10/2011,81.12
omn-za,11/11/2011,82
omn-za,11/14/2011,82.4
omn-za,11/15/2011,82.7
omn-za,11/16/2011,83
omn-za,11/17/2011,82.5
omn-za,11/18/2011,82.3
omn-za,11/21/2011,82.3
omn-za,11/22/2011,84
omn-za,11/23/2011,84.34
omn-za,11/24/2011,84.3
omn-za,11/25/2011,84.16
omn-za,11/28/2011,84.4
omn-za,11/29/2011,85.44
omn-za,11/30/2011,85.45
omn-za,12/1/2011,85
omn-za,12/2/2011,85.8
omn-za,12/5/2011,86.49
omn-za,12/6/2011,88
omn-za,12/7/2011,89.3
omn-za,12/8/2011,89.3
omn-za,12/9/2011,89.39
omn-za,12/12/2011,90.25
omn-za,12/13/2011,90.31
omn-za,12/14/2011,90.07
omn-za,12/15/2011,87.29
omn-za,12/19/2011,88.5
omn-za,12/20/2011,87
omn-za,12/21/2011,87
omn-za,12/22/2011,87
omn-za,12/23/2011,87.05
omn-za,12/28/2011,86.99
omn-za,12/29/2011,87
omn-za,12/30/2011,87
omn-za,1/3/2012,88.2
omn-za,1/4/2012,87.74
omn-za,1/5/2012,87.85
omn-za,1/6/2012,87.82
omn-za,1/9/2012,87.82
omn-za,1/10/2012,87
omn-za,1/11/2012,86.15
omn-za,1/12/2012,86.8
omn-za,1/13/2012,87
omn-za,1/16/2012,86.43
omn-za,1/17/2012,86.4
omn-za,1/18/2012,86.7
omn-za,1/19/2012,86.4
omn-za,1/20/2012,85.96
omn-za,1/23/2012,84.77
omn-za,1/24/2012,85.1
omn-za,1/25/2012,85.7
omn-za,1/26/2012,86.7
omn-za,1/27/2012,86.88
omn-za,1/30/2012,85.99
omn-za,1/31/2012,86.69
omn-za,2/1/2012,87.25
omn-za,2/2/2012,87.3
omn-za,2/3/2012,87.35
omn-za,2/6/2012,88.9
omn-za,2/7/2012,89.32
omn-za,2/8/2012,89.5
omn-za,2/9/2012,90.16
omn-za,2/10/2012,90.15
omn-za,2/13/2012,90.4
omn-za,2/14/2012,91.71
omn-za,2/15/2012,92.8
omn-za,2/16/2012,92.25
omn-za,2/17/2012,93.28
omn-za,2/20/2012,93.88
omn-za,2/21/2012,94.03
omn-za,2/22/2012,93.8
omn-za,2/23/2012,93.8
omn-za,2/24/2012,93.37
omn-za,2/27/2012,94.14
omn-za,2/28/2012,95.21
omn-za,2/29/2012,95.78
omn-za,3/1/2012,95.89
omn-za,3/2/2012,95.54
omn-za,3/5/2012,95.5
omn-za,3/6/2012,95.01
omn-za,3/7/2012,95.5
omn-za,3/8/2012,96
omn-za,3/9/2012,95.36
omn-za,3/12/2012,95.5
omn-za,3/13/2012,97
omn-za,3/14/2012,97.5
omn-za,3/15/2012,96
omn-za,3/16/2012,94
omn-za,3/19/2012,96.85
omn-za,3/20/2012,94.51
omn-za,3/22/2012,95.17
omn-za,3/23/2012,95
omn-za,3/26/2012,94.89
omn-za,3/27/2012,94.92
omn-za,3/28/2012,94.31
omn-za,3/29/2012,94.49
omn-za,3/30/2012,95.25
omn-za,4/2/2012,95
omn-za,4/3/2012,94.9
omn-za,4/4/2012,94.5
omn-za,4/5/2012,94
omn-za,4/10/2012,94.5
omn-za,4/11/2012,94.3
omn-za,4/12/2012,95.2
omn-za,4/13/2012,94.35
omn-za,4/16/2012,94.85
omn-za,4/17/2012,95
omn-za,4/18/2012,95.5
omn-za,4/19/2012,96.5
omn-za,4/20/2012,96.05
omn-za,4/23/2012,95.87
omn-za,4/24/2012,95.4
omn-za,4/25/2012,95.3
omn-za,4/26/2012,96
omn-za,4/30/2012,98
omn-za,5/2/2012,97.73
omn-za,5/3/2012,97.4
omn-za,5/4/2012,97.2
omn-za,5/7/2012,96
omn-za,5/8/2012,96
omn-za,5/9/2012,96
omn-za,5/10/2012,97.5
omn-za,5/11/2012,97.78
omn-za,5/14/2012,98
omn-za,5/15/2012,97.28
omn-za,5/16/2012,97.15
omn-za,5/17/2012,98
omn-za,5/18/2012,98
omn-za,5/21/2012,97.78
omn-za,5/22/2012,97.7
omn-za,5/23/2012,97.5
omn-za,5/24/2012,97.49
omn-za,5/25/2012,97.5
omn-za,5/28/2012,98.88
omn-za,5/29/2012,99.5
omn-za,5/30/2012,99.5
omn-za,5/31/2012,99.5
omn-za,6/1/2012,99.2
omn-za,6/4/2012,99.03
omn-za,6/5/2012,100
omn-za,6/6/2012,98.72
omn-za,6/7/2012,98.21
omn-za,6/8/2012,98.5
omn-za,6/11/2012,99.25
omn-za,6/12/2012,99
omn-za,6/13/2012,99.15
omn-za,6/14/2012,99.13
omn-za,6/15/2012,99
omn-za,6/18/2012,99.2
omn-za,6/19/2012,100.5
omn-za,6/20/2012,101
omn-za,6/21/2012,101
omn-za,6/22/2012,100.95
omn-za,6/25/2012,99.6
omn-za,6/26/2012,105
omn-za,6/27/2012,105.05
omn-za,6/28/2012,105.5
omn-za,6/29/2012,106
omn-za,7/2/2012,108
omn-za,7/3/2012,111.35
omn-za,7/4/2012,110.68
omn-za,7/5/2012,109.75
omn-za,7/6/2012,109
omn-za,7/9/2012,108.76
omn-za,7/10/2012,108.91
omn-za,7/11/2012,108.65
omn-za,7/12/2012,107.8
omn-za,7/13/2012,106.72
omn-za,7/16/2012,106.49
omn-za,7/17/2012,106.6
omn-za,7/18/2012,107.1
omn-za,7/19/2012,108.24
omn-za,7/20/2012,107.6
omn-za,7/23/2012,107
omn-za,7/24/2012,106.5
omn-za,7/25/2012,109
omn-za,7/26/2012,108.5
omn-za,7/27/2012,109
omn-za,7/30/2012,112.3
omn-za,7/31/2012,110.01
omn-za,8/1/2012,117.38
omn-za,8/2/2012,115.5
omn-za,8/3/2012,114
omn-za,8/6/2012,115
omn-za,8/7/2012,115
omn-za,8/8/2012,115.85
omn-za,8/10/2012,116
omn-za,8/13/2012,116.05
omn-za,8/14/2012,115.88
omn-za,8/15/2012,115.81
omn-za,8/16/2012,116.17
omn-za,8/17/2012,116.2
omn-za,8/20/2012,116.01
omn-za,8/21/2012,116.2
omn-za,8/22/2012,116.2
omn-za,8/23/2012,118.75
omn-za,8/24/2012,119.5
omn-za,8/27/2012,118.5
omn-za,8/28/2012,118.54
omn-za,8/29/2012,119
omn-za,8/30/2012,119
omn-za,8/31/2012,119
omn-za,9/3/2012,119
omn-za,9/4/2012,119.1
omn-za,9/5/2012,118
omn-za,9/6/2012,118
omn-za,9/7/2012,117.5
omn-za,9/10/2012,117
omn-za,9/11/2012,116.75
omn-za,9/12/2012,119.05
omn-za,9/13/2012,122
omn-za,9/14/2012,125.21
omn-za,9/17/2012,126.75
omn-za,9/18/2012,126.5
omn-za,9/19/2012,125.6
omn-za,9/20/2012,126.3
omn-za,9/21/2012,125
omn-za,9/25/2012,126
omn-za,9/26/2012,126.6
omn-za,9/27/2012,125
omn-za,9/28/2012,125
omn-za,10/1/2012,124.49
omn-za,10/2/2012,125.88
omn-za,10/3/2012,125.96
omn-za,10/4/2012,125.67
omn-za,10/5/2012,124
omn-za,10/8/2012,122.63
omn-za,10/9/2012,122.78
omn-za,10/10/2012,122
omn-za,10/11/2012,121.2
omn-za,10/12/2012,123.11
omn-za,10/15/2012,123.32
omn-za,10/16/2012,128.4
omn-za,10/17/2012,129
omn-za,10/18/2012,128.5
omn-za,10/19/2012,127.65
omn-za,10/22/2012,129
omn-za,10/23/2012,128.8
omn-za,10/24/2012,128.7
omn-za,10/25/2012,128.5
omn-za,10/26/2012,128.5
omn-za,10/29/2012,128.6
omn-za,10/30/2012,128.5
omn-za,10/31/2012,128.35
omn-za,11/1/2012,128.5
omn-za,11/2/2012,125.75
omn-za,11/5/2012,126.8
omn-za,11/6/2012,127.35
omn-za,11/7/2012,127.41
omn-za,11/8/2012,126.95
omn-za,11/9/2012,127.24
omn-za,11/12/2012,127.5
omn-za,11/13/2012,126.94
omn-za,11/14/2012,128
omn-za,11/15/2012,127.5
omn-za,11/16/2012,127.6
omn-za,11/19/2012,127
omn-za,11/20/2012,128
omn-za,11/21/2012,128.5
omn-za,11/22/2012,128.8
omn-za,11/23/2012,128.68
omn-za,11/26/2012,129.1
omn-za,11/27/2012,130.55
omn-za,11/28/2012,132.73
omn-za,11/29/2012,133.05
omn-za,11/30/2012,131.76
omn-za,12/3/2012,133
omn-za,12/4/2012,135.5
omn-za,12/5/2012,136.65
omn-za,12/6/2012,139
omn-za,12/7/2012,140.5
omn-za,12/10/2012,141.5
omn-za,12/11/2012,140
omn-za,12/12/2012,138.5
omn-za,12/13/2012,138.2
omn-za,12/14/2012,137.06
omn-za,12/18/2012,136.88
omn-za,12/19/2012,136.75
omn-za,12/20/2012,136.5
omn-za,12/21/2012,136
omn-za,12/24/2012,136.4
omn-za,12/27/2012,136.13
omn-za,12/28/2012,136.4
omn-za,12/31/2012,137.29
omn-za,1/2/2013,138
omn-za,1/3/2013,140.26
omn-za,1/4/2013,144.76
omn-za,1/7/2013,145.89
omn-za,1/8/2013,145.8
omn-za,1/9/2013,145.71
omn-za,1/10/2013,144.55
omn-za,1/11/2013,144.6
omn-za,1/14/2013,143.39
omn-za,1/15/2013,140.59
omn-za,1/16/2013,140.37
omn-za,1/17/2013,141.44
omn-za,1/18/2013,145.37
omn-za,1/21/2013,143.85
omn-za,1/22/2013,144.5
omn-za,1/23/2013,143.38
omn-za,1/24/2013,144.5
omn-za,1/25/2013,144.5
omn-za,1/28/2013,144.3
omn-za,1/29/2013,144.5
omn-za,1/30/2013,144.5
omn-za,1/31/2013,144.05
omn-za,2/1/2013,146.09
omn-za,2/4/2013,145.9
omn-za,2/5/2013,146.25
omn-za,2/6/2013,145.93
omn-za,2/7/2013,146.32
omn-za,2/8/2013,146.3
omn-za,2/11/2013,146.8
omn-za,2/12/2013,146.75
omn-za,2/13/2013,146.7
omn-za,2/14/2013,146.3
omn-za,2/15/2013,147.02
omn-za,2/18/2013,148.5
omn-za,2/19/2013,148.89
omn-za,2/20/2013,149
omn-za,2/21/2013,148.26
omn-za,2/22/2013,148
omn-za,2/25/2013,147.55
omn-za,2/26/2013,148.4
omn-za,2/27/2013,148.4
omn-za,2/28/2013,150
omn-za,3/1/2013,151.82
omn-za,3/4/2013,151
omn-za,3/5/2013,154
omn-za,3/6/2013,154
omn-za,3/7/2013,157.88
omn-za,3/8/2013,155.66
omn-za,3/11/2013,157.5
omn-za,3/12/2013,157.5
omn-za,3/13/2013,157.5
omn-za,3/14/2013,157.4
omn-za,3/15/2013,154.44
omn-za,3/18/2013,153.73
omn-za,3/19/2013,153.35
omn-za,3/20/2013,155.13
omn-za,3/22/2013,156.95
omn-za,3/25/2013,157.7
omn-za,3/26/2013,157.99
omn-za,3/27/2013,158
omn-za,3/28/2013,158
omn-za,4/2/2013,157.48
omn-za,4/3/2013,157.38
omn-za,4/4/2013,156.62
omn-za,4/5/2013,157
omn-za,4/8/2013,156.75
omn-za,4/9/2013,156
omn-za,4/10/2013,158.7
omn-za,4/11/2013,157.76
omn-za,4/12/2013,158
omn-za,4/15/2013,155.63
omn-za,4/16/2013,156.93
omn-za,4/17/2013,157.79
omn-za,4/18/2013,157.5
omn-za,4/19/2013,157.86
omn-za,4/22/2013,153.62
omn-za,4/23/2013,155.5
omn-za,4/24/2013,155.05
omn-za,4/25/2013,156.28
omn-za,4/26/2013,157
omn-za,4/29/2013,156.32
omn-za,4/30/2013,157.7
omn-za,5/2/2013,157.22
omn-za,5/3/2013,157.2
omn-za,5/6/2013,157
omn-za,5/7/2013,156
omn-za,5/8/2013,156
omn-za,5/9/2013,155.2
omn-za,5/10/2013,155
omn-za,5/13/2013,157
omn-za,5/14/2013,158.2
omn-za,5/15/2013,160.61
omn-za,5/16/2013,167.5
omn-za,5/17/2013,169.9
omn-za,5/20/2013,168.55
omn-za,5/21/2013,170.15
omn-za,5/22/2013,170.92
omn-za,5/23/2013,172.18
omn-za,5/24/2013,173.2
omn-za,5/27/2013,173.5
omn-za,5/28/2013,173.99
omn-za,5/29/2013,172.2
omn-za,5/30/2013,172.6
omn-za,5/31/2013,172.41
omn-za,6/3/2013,172.5
omn-za,6/4/2013,171.67
omn-za,6/5/2013,169.5
omn-za,6/6/2013,167.37
omn-za,6/7/2013,168.57
omn-za,6/10/2013,167.6
omn-za,6/11/2013,164.25
omn-za,6/12/2013,165
omn-za,6/13/2013,169
omn-za,6/14/2013,165.5
omn-za,6/18/2013,166.84
omn-za,6/19/2013,168.81
omn-za,6/20/2013,171
omn-za,6/21/2013,175
omn-za,6/24/2013,169
omn-za,6/25/2013,172
omn-za,6/26/2013,178.1
omn-za,6/27/2013,180
omn-za,6/28/2013,183.38
omn-za,7/1/2013,183.5
omn-za,7/2/2013,181.1
omn-za,7/3/2013,181.85
omn-za,7/4/2013,181.91
omn-za,7/5/2013,181.97
omn-za,7/8/2013,180.2
omn-za,7/9/2013,182.5
omn-za,7/10/2013,182.49
omn-za,7/11/2013,182.5
omn-za,7/12/2013,181.75
omn-za,7/15/2013,178.16
omn-za,7/16/2013,177
omn-za,7/17/2013,176.15
omn-za,7/18/2013,177.4
omn-za,7/19/2013,176.63
omn-za,7/22/2013,175.7
omn-za,7/23/2013,176.36
omn-za,7/24/2013,175.76
omn-za,7/25/2013,177
omn-za,7/26/2013,177
omn-za,7/29/2013,175.9
omn-za,7/30/2013,179
omn-za,7/31/2013,176
omn-za,8/1/2013,182
omn-za,8/2/2013,183.72
omn-za,8/5/2013,183
omn-za,8/6/2013,183.5
omn-za,8/7/2013,184
omn-za,8/8/2013,185.5
omn-za,8/12/2013,183.15
omn-za,8/13/2013,186.94
omn-za,8/14/2013,187.15
omn-za,8/15/2013,187.95
omn-za,8/16/2013,192.61
omn-za,8/19/2013,197
omn-za,8/20/2013,195
omn-za,8/21/2013,194.5
omn-za,8/22/2013,194.48
omn-za,8/23/2013,196.5
omn-za,8/26/2013,201.31
omn-za,8/27/2013,198
omn-za,8/28/2013,196.5
omn-za,8/29/2013,196.53
omn-za,8/30/2013,194
omn-za,9/2/2013,191.99
omn-za,9/3/2013,192.2
omn-za,9/4/2013,186.51
omn-za,9/5/2013,190
omn-za,9/6/2013,189
omn-za,9/9/2013,192.57
omn-za,9/10/2013,196.5
omn-za,9/11/2013,196.5
omn-za,9/12/2013,198.5
omn-za,9/13/2013,200
omn-za,9/16/2013,198.5
omn-za,9/17/2013,198.99
omn-za,9/18/2013,198.9
omn-za,9/19/2013,198.14
omn-za,9/20/2013,195.9
omn-za,9/23/2013,194.66
omn-za,9/25/2013,199
omn-za,9/26/2013,199.48
omn-za,9/27/2013,199.5
omn-za,9/30/2013,201.99
omn-za,10/1/2013,200.45
omn-za,10/2/2013,200
omn-za,10/3/2013,202
omn-za,10/4/2013,203.2
omn-za,10/7/2013,202
omn-za,10/8/2013,203
omn-za,10/9/2013,202.02
omn-za,10/10/2013,202.99
omn-za,10/11/2013,203.5
omn-za,10/14/2013,204.8
omn-za,10/15/2013,206
omn-za,10/16/2013,207.5
omn-za,10/17/2013,204.88
omn-za,10/18/2013,205.5
omn-za,10/21/2013,206.08
omn-za,10/22/2013,206.58
omn-za,10/23/2013,205
omn-za,10/24/2013,205
omn-za,10/25/2013,204.02
omn-za,10/28/2013,206
omn-za,10/29/2013,207.18
omn-za,10/30/2013,208
omn-za,10/31/2013,207.24
omn-za,11/1/2013,207.5
omn-za,11/4/2013,207.5
omn-za,11/5/2013,208.08
omn-za,11/6/2013,210
omn-za,11/7/2013,212
omn-za,11/8/2013,211
omn-za,11/11/2013,206
omn-za,11/12/2013,209
omn-za,11/13/2013,208.5
omn-za,11/14/2013,208.99
omn-za,11/15/2013,208.7
omn-za,11/18/2013,210.48
omn-za,11/19/2013,208.25
omn-za,11/20/2013,209.2
omn-za,11/21/2013,209
omn-za,11/22/2013,206.91
omn-za,11/25/2013,208
omn-za,11/26/2013,208
omn-za,11/27/2013,208
omn-za,11/28/2013,209.39
omn-za,11/29/2013,210
omn-za,12/2/2013,210
omn-za,12/3/2013,210.38
omn-za,12/4/2013,209.01
omn-za,12/5/2013,209.64
omn-za,12/6/2013,208.92
omn-za,12/9/2013,209.04
omn-za,12/10/2013,207.25
omn-za,12/11/2013,206.23
omn-za,12/12/2013,201.35
omn-za,12/13/2013,202.83
omn-za,12/17/2013,201.5
omn-za,12/18/2013,200.82
omn-za,12/19/2013,199.1
omn-za,12/20/2013,198.99
omn-za,12/23/2013,202.4
omn-za,12/24/2013,202.5
omn-za,12/27/2013,202.97
omn-za,12/30/2013,206
omn-za,12/31/2013,201.95
omn-za,1/2/2014,207.36
omn-za,1/3/2014,206.45
omn-za,1/6/2014,205.75
omn-za,1/7/2014,206.5
omn-za,1/8/2014,204.83
omn-za,1/9/2014,205
omn-za,1/10/2014,205.2
omn-za,1/13/2014,206.15
omn-za,1/14/2014,210
omn-za,1/15/2014,213
omn-za,1/16/2014,215
omn-za,1/17/2014,219
omn-za,1/20/2014,220.8
omn-za,1/21/2014,221.76
omn-za,1/22/2014,219.2
omn-za,1/23/2014,218.65
omn-za,1/24/2014,219
omn-za,1/27/2014,215.03
omn-za,1/28/2014,214
omn-za,1/29/2014,211.53
omn-za,1/30/2014,209.4
omn-za,1/31/2014,206
omn-za,2/3/2014,208
omn-za,2/4/2014,203.93
omn-za,2/5/2014,204
omn-za,2/6/2014,207.18
omn-za,2/7/2014,209.7
omn-za,2/10/2014,211.9
omn-za,2/11/2014,211.11
omn-za,2/12/2014,214
omn-za,2/13/2014,214.86
omn-za,2/14/2014,214.46
omn-za,2/17/2014,219
omn-za,2/18/2014,217.47
omn-za,2/19/2014,218
omn-za,2/20/2014,215.62
omn-za,2/21/2014,217.46
omn-za,2/24/2014,218
omn-za,2/25/2014,217
omn-za,2/26/2014,213
omn-za,2/27/2014,213
omn-za,2/28/2014,215
omn-za,3/3/2014,215
omn-za,3/4/2014,214.43
omn-za,3/5/2014,214.5
omn-za,3/6/2014,216.66
omn-za,3/7/2014,213.91
omn-za,3/10/2014,211.77
omn-za,3/11/2014,211
omn-za,3/12/2014,210.48
omn-za,3/13/2014,210.79
omn-za,3/14/2014,209
omn-za,3/17/2014,210.2
omn-za,3/18/2014,208.29
omn-za,3/19/2014,208
omn-za,3/20/2014,204.27
omn-za,3/24/2014,207
omn-za,3/25/2014,209
omn-za,3/26/2014,208
omn-za,3/27/2014,207.5
omn-za,3/28/2014,210.28
omn-za,3/31/2014,211.05
omn-za,4/1/2014,211.5
omn-za,4/2/2014,212.25
omn-za,4/3/2014,218.35
omn-za,4/4/2014,217.5
omn-za,4/7/2014,218.5
omn-za,4/8/2014,218
omn-za,4/9/2014,218
omn-za,4/10/2014,217.5
omn-za,4/11/2014,215.27
omn-za,4/14/2014,217.8
omn-za,4/15/2014,217.5
omn-za,4/16/2014,217.15
omn-za,4/17/2014,217.5
omn-za,4/22/2014,221.12
omn-za,4/23/2014,224.74
omn-za,4/24/2014,226
omn-za,4/25/2014,226
omn-za,4/29/2014,224.05
omn-za,4/30/2014,226
omn-za,5/2/2014,223
omn-za,5/5/2014,223
omn-za,5/6/2014,222.3
omn-za,5/8/2014,227
omn-za,5/9/2014,230.25
omn-za,5/12/2014,228.98
omn-za,5/13/2014,234.16
omn-za,5/14/2014,230
omn-za,5/15/2014,231
omn-za,5/16/2014,230
omn-za,5/19/2014,229.5
omn-za,5/20/2014,231.07
omn-za,5/21/2014,230.74
omn-za,5/22/2014,231.5
omn-za,5/23/2014,233.2
omn-za,5/26/2014,234
omn-za,5/27/2014,231.1
omn-za,5/28/2014,231
omn-za,5/29/2014,232.1
omn-za,5/30/2014,232.59
omn-za,6/2/2014,232.7
omn-za,6/3/2014,232.7
omn-za,6/4/2014,231.51
omn-za,6/5/2014,232
omn-za,6/6/2014,232
omn-za,6/9/2014,232
omn-za,6/10/2014,231.5
omn-za,6/11/2014,231.75
omn-za,6/12/2014,231.5
omn-za,6/13/2014,232.3
omn-za,6/17/2014,232.5
omn-za,6/18/2014,230.61
omn-za,6/19/2014,229.99
omn-za,6/20/2014,229
omn-za,6/23/2014,228.26
omn-za,6/24/2014,223.15
omn-za,6/25/2014,223
omn-za,6/26/2014,223
omn-za,6/27/2014,227.5
omn-za,6/30/2014,230.54
omn-za,7/1/2014,230.55
omn-za,7/2/2014,229.5
omn-za,7/3/2014,230
omn-za,7/4/2014,231.15
omn-za,7/7/2014,231.98
omn-za,7/8/2014,230.1
omn-za,7/9/2014,232.71
omn-za,7/10/2014,229
omn-za,7/11/2014,232.52
omn-za,7/14/2014,231.6
omn-za,7/15/2014,230.75
omn-za,7/16/2014,234.99
omn-za,7/17/2014,235.57
omn-za,7/18/2014,234.67
omn-za,7/21/2014,233.49
omn-za,7/22/2014,234
omn-za,7/23/2014,234.99
omn-za,7/24/2014,237.05
omn-za,7/25/2014,235.64
omn-za,7/28/2014,235.59
omn-za,7/29/2014,236
omn-za,7/30/2014,237
omn-za,7/31/2014,232
omn-za,8/1/2014,226.24
omn-za,8/4/2014,226.16
omn-za,8/5/2014,228.48
omn-za,8/6/2014,229.54
omn-za,8/7/2014,225.02
omn-za,8/8/2014,223.16
omn-za,8/11/2014,228.82
omn-za,8/12/2014,226.5
omn-za,8/13/2014,230.75
omn-za,8/14/2014,228.06
omn-za,8/15/2014,227.8
omn-za,8/18/2014,226.26
omn-za,8/19/2014,224
omn-za,8/20/2014,225.96
omn-za,8/21/2014,229.1
omn-za,8/22/2014,227
omn-za,8/25/2014,227.19
omn-za,8/26/2014,228
omn-za,8/27/2014,227.85
omn-za,8/28/2014,228
omn-za,8/29/2014,226.25
omn-za,9/1/2014,226.8
omn-za,9/2/2014,228.46
omn-za,9/3/2014,228.19
omn-za,9/4/2014,230
omn-za,9/5/2014,232.65
omn-za,9/8/2014,236.71
omn-za,9/9/2014,241.2
omn-za,9/10/2014,242
omn-za,9/11/2014,242
omn-za,9/12/2014,239.3
omn-za,9/15/2014,239
omn-za,9/16/2014,238.09
omn-za,9/17/2014,237
omn-za,9/18/2014,236.39
omn-za,9/19/2014,236.67
omn-za,9/22/2014,232.11
omn-za,9/23/2014,232.28
omn-za,9/25/2014,231
omn-za,9/26/2014,232.12
omn-za,9/29/2014,229.5
omn-za,9/30/2014,230.6
omn-za,10/1/2014,230
omn-za,10/2/2014,230
omn-za,10/3/2014,231
omn-za,10/6/2014,232.47
omn-za,10/7/2014,232.23
omn-za,10/8/2014,232.5
omn-za,10/9/2014,233.5
omn-za,10/10/2014,232.11
omn-za,10/13/2014,230.99
omn-za,10/14/2014,230.51
omn-za,10/15/2014,229
omn-za,10/16/2014,226.42
omn-za,10/17/2014,222.5
omn-za,10/20/2014,226.4
omn-za,10/21/2014,227
omn-za,10/22/2014,226.5
omn-za,10/23/2014,226
omn-za,10/24/2014,224.35
omn-za,10/27/2014,224.5
omn-za,10/28/2014,224.2
omn-za,10/29/2014,223.72
omn-za,10/30/2014,219.99
omn-za,10/31/2014,220
omn-za,11/3/2014,220.54
omn-za,11/4/2014,223
omn-za,11/5/2014,222.5
omn-za,11/6/2014,222.95
omn-za,11/7/2014,219.8
omn-za,11/10/2014,216.9
omn-za,11/11/2014,217.5
omn-za,11/12/2014,214.73
omn-za,11/13/2014,214.94
omn-za,11/14/2014,212.7
omn-za,11/17/2014,210
omn-za,11/18/2014,210
omn-za,11/19/2014,218
omn-za,11/20/2014,212
omn-za,11/21/2014,216.16
omn-za,11/24/2014,215.73
omn-za,11/25/2014,191.5
omn-za,11/26/2014,198.58
omn-za,11/27/2014,195
omn-za,11/28/2014,194
omn-za,12/1/2014,189.75
omn-za,12/2/2014,181.6
omn-za,12/3/2014,180.9
omn-za,12/4/2014,181.1
omn-za,12/5/2014,181.01
omn-za,12/8/2014,177.32
omn-za,12/9/2014,172
omn-za,12/10/2014,169
omn-za,12/11/2014,167.44
omn-za,12/12/2014,169.2
omn-za,12/15/2014,170.28
omn-za,12/17/2014,170.13
omn-za,12/18/2014,174.24
omn-za,12/19/2014,178.42
omn-za,12/22/2014,178.85
omn-za,12/23/2014,179
omn-za,12/24/2014,182.5
omn-za,12/29/2014,180.84
omn-za,12/30/2014,180.93
omn-za,12/31/2014,181
omn-za,1/2/2015,181.66
omn-za,1/5/2015,178
omn-za,1/6/2015,179.01
omn-za,1/7/2015,178.5
omn-za,1/8/2015,180
omn-za,1/9/2015,179.6
omn-za,1/12/2015,176
omn-za,1/13/2015,178.01
omn-za,1/14/2015,176.52
omn-za,1/15/2015,177
omn-za,1/16/2015,176.04
omn-za,1/19/2015,174.12
omn-za,1/20/2015,172.29
omn-za,1/21/2015,167.21
omn-za,1/22/2015,167
omn-za,1/23/2015,170
omn-za,1/26/2015,170
omn-za,1/27/2015,170.47
omn-za,1/28/2015,170.38
omn-za,1/29/2015,170.11
omn-za,1/30/2015,170.73
omn-za,2/2/2015,173.52
omn-za,2/3/2015,176.5
omn-za,2/4/2015,176.15
omn-za,2/5/2015,175.78
omn-za,2/6/2015,176.5
omn-za,2/9/2015,177.32
omn-za,2/10/2015,178.2
omn-za,2/11/2015,177.51
omn-za,2/12/2015,179.55
omn-za,2/13/2015,184.5
omn-za,2/16/2015,188
omn-za,2/17/2015,185.23
omn-za,2/18/2015,181.5
omn-za,2/19/2015,183.16
omn-za,2/20/2015,186.99
omn-za,2/23/2015,188.65
omn-za,2/24/2015,189.49
omn-za,2/25/2015,188.11
omn-za,2/26/2015,189
omn-za,2/27/2015,190
omn-za,3/2/2015,190
omn-za,3/3/2015,185.53
omn-za,3/4/2015,187.86
omn-za,3/5/2015,188
omn-za,3/6/2015,188
omn-za,3/9/2015,185.5
omn-za,3/10/2015,184.44
omn-za,3/11/2015,178.5
omn-za,3/12/2015,177.88
omn-za,3/13/2015,177
omn-za,3/16/2015,177
omn-za,3/17/2015,179.5
omn-za,3/18/2015,177.39
omn-za,3/19/2015,177.01
omn-za,3/20/2015,177
omn-za,3/23/2015,178.1
omn-za,3/24/2015,177.02
omn-za,3/25/2015,177.75
omn-za,3/26/2015,177
omn-za,3/27/2015,176.39
omn-za,3/30/2015,174.5
omn-za,3/31/2015,172.5
omn-za,4/1/2015,170.41
omn-za,4/2/2015,170.99
omn-za,4/7/2015,170.62
omn-za,4/8/2015,169.87
omn-za,4/9/2015,168.45
omn-za,4/10/2015,169.97
omn-za,4/13/2015,171
omn-za,4/14/2015,173
omn-za,4/15/2015,170
omn-za,4/16/2015,170.25
omn-za,4/17/2015,169.99
omn-za,4/20/2015,170
omn-za,4/21/2015,169.16
omn-za,4/22/2015,167.13
omn-za,4/23/2015,165.87
omn-za,4/24/2015,168.5
omn-za,4/28/2015,169.3
omn-za,4/29/2015,164.84
omn-za,4/30/2015,164.1
omn-za,5/4/2015,162.3
omn-za,5/5/2015,171.98
omn-za,5/6/2015,173.5
omn-za,5/7/2015,176
omn-za,5/8/2015,175
omn-za,5/11/2015,174.51
omn-za,5/12/2015,170.8
omn-za,5/13/2015,170.87
omn-za,5/14/2015,171.74
omn-za,5/15/2015,171.8
omn-za,5/18/2015,172.13
omn-za,5/19/2015,172.62
omn-za,5/20/2015,172
omn-za,5/21/2015,170.99
omn-za,5/22/2015,173
omn-za,5/25/2015,173.48
omn-za,5/26/2015,170
omn-za,5/27/2015,171.5
omn-za,5/28/2015,169.6
omn-za,5/29/2015,165.79
omn-za,6/1/2015,164.31
omn-za,6/2/2015,164
omn-za,6/3/2015,163.82
omn-za,6/4/2015,164.33
omn-za,6/5/2015,164.5
omn-za,6/8/2015,165
omn-za,6/9/2015,162.6
omn-za,6/10/2015,162
omn-za,6/11/2015,162.82
omn-za,6/12/2015,162.5
omn-za,6/15/2015,162.5
omn-za,6/17/2015,160.65
omn-za,6/18/2015,159.05
omn-za,6/19/2015,155
omn-za,6/22/2015,159
omn-za,6/23/2015,172
omn-za,6/24/2015,173.5
omn-za,6/25/2015,175
omn-za,6/26/2015,178
omn-za,6/29/2015,178.5
omn-za,6/30/2015,180.52
omn-za,7/1/2015,175.11
omn-za,7/2/2015,175.48
omn-za,7/3/2015,179
omn-za,7/6/2015,175.3
omn-za,7/7/2015,175
omn-za,7/8/2015,175
omn-za,7/9/2015,180
omn-za,7/10/2015,179.65
omn-za,7/13/2015,177.32
omn-za,7/14/2015,178.74
omn-za,7/15/2015,176.78
omn-za,7/16/2015,177
omn-za,7/17/2015,180
omn-za,7/20/2015,176.75
omn-za,7/21/2015,179
omn-za,7/22/2015,178.06
omn-za,7/23/2015,176.5
omn-za,7/24/2015,171.63
omn-za,7/27/2015,175
omn-za,7/28/2015,171.2
omn-za,7/29/2015,170
omn-za,7/30/2015,170.5
omn-za,7/31/2015,175
omn-za,8/3/2015,170
omn-za,8/4/2015,169.94
omn-za,8/5/2015,170.38
omn-za,8/6/2015,170
omn-za,8/7/2015,169.23
omn-za,8/11/2015,170.5
omn-za,8/12/2015,168.5
omn-za,8/13/2015,167.05
omn-za,8/14/2015,164.73
omn-za,8/17/2015,164.51
omn-za,8/18/2015,165
omn-za,8/19/2015,163.56
omn-za,8/20/2015,162.29
omn-za,8/21/2015,164.8
omn-za,8/24/2015,158.99
omn-za,8/25/2015,160.07
omn-za,8/26/2015,160.01
omn-za,8/27/2015,161
omn-za,8/28/2015,164.69
omn-za,8/31/2015,164.99
omn-za,9/1/2015,164
omn-za,9/2/2015,163.1
omn-za,9/3/2015,164.97
omn-za,9/4/2015,161.5
omn-za,9/7/2015,161.5
omn-za,9/8/2015,161
omn-za,9/9/2015,160
omn-za,9/10/2015,160
omn-za,9/11/2015,158.6
omn-za,9/14/2015,158.2
omn-za,9/15/2015,157.5
omn-za,9/16/2015,159.28
omn-za,9/17/2015,159.78
omn-za,9/18/2015,159
omn-za,9/21/2015,158.84
omn-za,9/22/2015,157
omn-za,9/23/2015,156.5
omn-za,9/25/2015,156.5
omn-za,9/28/2015,153
omn-za,9/29/2015,147.78
omn-za,9/30/2015,149.1
omn-za,10/1/2015,150.06
omn-za,10/2/2015,149.4
omn-za,10/5/2015,149.1
omn-za,10/6/2015,151
omn-za,10/7/2015,157.4
omn-za,10/8/2015,157
omn-za,10/9/2015,157.5
omn-za,10/12/2015,159
omn-za,10/13/2015,152.77
omn-za,10/14/2015,152.73
omn-za,10/15/2015,151.85
omn-za,10/16/2015,152
omn-za,10/19/2015,152.5
omn-za,10/20/2015,153
omn-za,10/21/2015,150.1
omn-za,10/22/2015,150.9
omn-za,10/23/2015,153.55
omn-za,10/26/2015,160.43
omn-za,10/27/2015,159.66
omn-za,10/28/2015,156.6
omn-za,10/29/2015,153.25
omn-za,10/30/2015,153.5
omn-za,11/2/2015,153.65
omn-za,11/3/2015,157.68
omn-za,11/4/2015,157.01
omn-za,11/5/2015,152.13
omn-za,11/6/2015,151
omn-za,11/9/2015,150.85
omn-za,11/10/2015,148.05
omn-za,11/11/2015,147.3
omn-za,11/12/2015,145.25
omn-za,11/13/2015,141.5
omn-za,11/16/2015,140
omn-za,11/17/2015,140
omn-za,11/18/2015,140
omn-za,11/19/2015,141.5
omn-za,11/20/2015,141.99
omn-za,11/23/2015,138.95
omn-za,11/24/2015,127
omn-za,11/25/2015,129
omn-za,11/26/2015,128.2
omn-za,11/27/2015,129
omn-za,11/30/2015,128
omn-za,12/1/2015,128
omn-za,12/2/2015,127.21
omn-za,12/3/2015,128.08
omn-za,12/4/2015,127.68
omn-za,12/7/2015,128
omn-za,12/8/2015,128.12
omn-za,12/9/2015,128
omn-za,12/10/2015,126
omn-za,12/11/2015,124.99
omn-za,12/14/2015,124
omn-za,12/15/2015,123
omn-za,12/17/2015,123.31
omn-za,12/18/2015,123.21
omn-za,12/21/2015,127.35
omn-za,12/22/2015,132
omn-za,12/23/2015,138.14
omn-za,12/24/2015,141.84
omn-za,12/28/2015,141.94
omn-za,12/29/2015,136.32
omn-za,12/30/2015,136.04
omn-za,12/31/2015,133.13
omn-za,1/4/2016,130.5
omn-za,1/5/2016,129.75
omn-za,1/6/2016,126
omn-za,1/7/2016,124.35
omn-za,1/8/2016,124.71
omn-za,1/11/2016,121.49
omn-za,1/12/2016,123
omn-za,1/13/2016,124.5
omn-za,1/14/2016,125.8
omn-za,1/15/2016,123.07
omn-za,1/18/2016,122.9
omn-za,1/19/2016,122.65
omn-za,1/20/2016,120
omn-za,1/21/2016,119.8
omn-za,1/22/2016,119.09
omn-za,1/25/2016,117.91
omn-za,1/26/2016,120.5
omn-za,1/27/2016,119
omn-za,1/28/2016,120.85
omn-za,1/29/2016,117
omn-za,2/1/2016,119.97
omn-za,2/2/2016,115.01
omn-za,2/3/2016,120
omn-za,2/4/2016,122
omn-za,2/5/2016,120.39
omn-za,2/8/2016,119
omn-za,2/9/2016,118.5
omn-za,2/10/2016,118.91
omn-za,2/11/2016,116.95
omn-za,2/12/2016,121.88
omn-za,2/15/2016,119
omn-za,2/16/2016,118.77
omn-za,2/17/2016,118.8
omn-za,2/18/2016,118.13
omn-za,2/19/2016,118.2
omn-za,2/22/2016,118
omn-za,2/23/2016,118.75
omn-za,2/24/2016,118.73
omn-za,2/25/2016,121.15
omn-za,2/26/2016,120.28
omn-za,2/29/2016,120.1
omn-za,3/1/2016,124.89
omn-za,3/2/2016,123.51
omn-za,3/3/2016,130.74
omn-za,3/4/2016,133
omn-za,3/7/2016,134.5
omn-za,3/8/2016,135.97
omn-za,3/9/2016,132.99
omn-za,3/10/2016,136
omn-za,3/11/2016,132.87
omn-za,3/14/2016,132
omn-za,3/15/2016,132.72
omn-za,3/16/2016,132.38
omn-za,3/17/2016,131.6
omn-za,3/18/2016,136
omn-za,3/22/2016,139.57
omn-za,3/23/2016,132.1
omn-za,3/24/2016,136
omn-za,3/29/2016,132.87
omn-za,3/30/2016,133.14
omn-za,3/31/2016,136.5
omn-za,4/1/2016,134.07
omn-za,4/4/2016,132
omn-za,4/5/2016,131
omn-za,4/6/2016,130.7
omn-za,4/7/2016,131.99
omn-za,4/8/2016,133
omn-za,4/11/2016,132
omn-za,4/12/2016,133.97
omn-za,4/13/2016,137
omn-za,4/14/2016,136.5
omn-za,4/15/2016,137.7
omn-za,4/18/2016,136.95
omn-za,4/19/2016,136
omn-za,4/20/2016,143.13
omn-za,4/21/2016,143.68
omn-za,4/22/2016,144.19
omn-za,4/25/2016,143.78
omn-za,4/26/2016,140
omn-za,4/28/2016,142.4
omn-za,4/29/2016,139.75
omn-za,5/3/2016,137.72
omn-za,5/4/2016,136.84
omn-za,5/5/2016,135.4
omn-za,5/6/2016,137.75
omn-za,5/9/2016,135.03
omn-za,5/10/2016,136.23
omn-za,5/11/2016,135
omn-za,5/12/2016,135
omn-za,5/13/2016,133.3
omn-za,5/16/2016,133.3
omn-za,5/17/2016,135.99
omn-za,5/18/2016,134.75
omn-za,5/19/2016,134.65
omn-za,5/20/2016,137.55
omn-za,5/23/2016,137.84
omn-za,5/24/2016,139.5
omn-za,5/25/2016,138.41
omn-za,5/26/2016,139.5
omn-za,5/27/2016,135.45
omn-za,5/30/2016,138.96
omn-za,5/31/2016,135
omn-za,6/1/2016,135.01
omn-za,6/2/2016,138.3
omn-za,6/3/2016,140
omn-za,6/6/2016,139.99
omn-za,6/7/2016,142.97
omn-za,6/8/2016,139.31
omn-za,6/9/2016,135
omn-za,6/10/2016,135.39
omn-za,6/13/2016,135
omn-za,6/14/2016,134
omn-za,6/15/2016,134.51
omn-za,6/17/2016,135
omn-za,6/20/2016,134
omn-za,6/21/2016,134.05
omn-za,6/22/2016,133.2
omn-za,6/23/2016,133
omn-za,6/24/2016,128.99
omn-za,6/27/2016,128
omn-za,6/28/2016,137.99
omn-za,6/29/2016,141.65
omn-za,6/30/2016,146.5
omn-za,7/1/2016,148.28
omn-za,7/4/2016,158.2
omn-za,7/5/2016,155.7
omn-za,7/6/2016,150.5
omn-za,7/7/2016,151.29
omn-za,7/8/2016,153.86
omn-za,7/11/2016,158.5
omn-za,7/12/2016,157.22
omn-za,7/13/2016,155.56
omn-za,7/14/2016,159.9
omn-za,7/15/2016,161.62
omn-za,7/18/2016,160.57
omn-za,7/19/2016,161.08
omn-za,7/20/2016,158.5
omn-za,7/21/2016,161.19
omn-za,7/22/2016,160.32
omn-za,7/25/2016,162.5
omn-za,7/26/2016,171.72
omn-za,7/27/2016,168.94
omn-za,7/28/2016,169.98
omn-za,7/29/2016,164.89
omn-za,8/1/2016,167.86
omn-za,8/2/2016,167.19
omn-za,8/4/2016,167.11
omn-za,8/5/2016,170.07
omn-za,8/8/2016,173
omn-za,8/10/2016,175
omn-za,8/11/2016,184
omn-za,8/12/2016,177.88
omn-za,8/15/2016,176
omn-za,8/16/2016,176.5
omn-za,8/17/2016,174.22
omn-za,8/18/2016,176.44
omn-za,8/19/2016,175.07
omn-za,8/22/2016,173.57
omn-za,8/23/2016,174.37
omn-za,8/24/2016,172.5
omn-za,8/25/2016,174
omn-za,8/26/2016,173
omn-za,8/29/2016,172.47
omn-za,8/30/2016,175.49
omn-za,8/31/2016,172.71
omn-za,9/1/2016,175
omn-za,9/2/2016,174
omn-za,9/5/2016,177.01
omn-za,9/6/2016,181.39
omn-za,9/7/2016,176.98
omn-za,9/8/2016,174.44
omn-za,9/9/2016,169.51
omn-za,9/12/2016,170.68
omn-za,9/13/2016,173.98
omn-za,9/14/2016,171.62
omn-za,9/15/2016,171.3
omn-za,9/16/2016,171.23
omn-za,9/19/2016,171
omn-za,9/20/2016,169.38
omn-za,9/21/2016,169
omn-za,9/22/2016,169.59
omn-za,9/23/2016,168
omn-za,9/26/2016,168
omn-za,9/27/2016,167.56
omn-za,9/28/2016,168.3
omn-za,9/29/2016,169
omn-za,9/30/2016,169.02
omn-za,10/3/2016,169.5
omn-za,10/4/2016,169
omn-za,10/5/2016,167.5
omn-za,10/6/2016,165.1
omn-za,10/7/2016,164.6
omn-za,10/10/2016,162.9
omn-za,10/11/2016,165
omn-za,10/12/2016,166.85
omn-za,10/13/2016,168.51
omn-za,10/14/2016,166.07
omn-za,10/17/2016,165.01
omn-za,10/18/2016,166.35
omn-za,10/19/2016,162.5
omn-za,10/20/2016,163
omn-za,10/21/2016,163.84
omn-za,10/24/2016,163.2
omn-za,10/25/2016,164
omn-za,10/26/2016,168.1
omn-za,10/27/2016,165.2
omn-za,10/28/2016,163.01
omn-za,10/31/2016,163.4
omn-za,11/1/2016,163
omn-za,11/2/2016,162.5
omn-za,11/3/2016,163.75
omn-za,11/4/2016,160.99
omn-za,11/7/2016,162.39
omn-za,11/8/2016,162.5
omn-za,11/9/2016,160.9
omn-za,11/10/2016,161.9
omn-za,11/11/2016,161.62
omn-za,11/14/2016,158.01
omn-za,11/15/2016,162
omn-za,11/16/2016,162
omn-za,11/17/2016,161.49
omn-za,11/18/2016,158.57
omn-za,11/21/2016,160
omn-za,11/22/2016,159
omn-za,11/23/2016,159
omn-za,11/24/2016,156.98
omn-za,11/25/2016,158
omn-za,11/28/2016,158.3
omn-za,11/29/2016,153.6
omn-za,11/30/2016,162
omn-za,12/1/2016,164
omn-za,12/2/2016,163.6
omn-za,12/5/2016,164.47
omn-za,12/6/2016,162.9
omn-za,12/7/2016,168
omn-za,12/8/2016,182
omn-za,12/9/2016,184
omn-za,12/12/2016,185
omn-za,12/13/2016,184
omn-za,12/14/2016,184.5
omn-za,12/15/2016,183.54
omn-za,12/19/2016,183.26
omn-za,12/20/2016,183.99
omn-za,12/21/2016,184.9
omn-za,12/22/2016,182.5
omn-za,12/23/2016,183.75
omn-za,12/28/2016,184.49
omn-za,12/29/2016,184.14
omn-za,12/30/2016,185
omn-za,1/3/2017,184
omn-za,1/4/2017,183.18
omn-za,1/5/2017,182.85
omn-za,1/6/2017,181.15
omn-za,1/9/2017,181.9
omn-za,1/10/2017,184
omn-za,1/11/2017,182.95
omn-za,1/12/2017,184
omn-za,1/13/2017,184
omn-za,1/16/2017,184
omn-za,1/17/2017,184
omn-za,1/18/2017,182.99
omn-za,1/19/2017,182
omn-za,1/20/2017,181
omn-za,1/23/2017,180.25
omn-za,1/24/2017,180.5
omn-za,1/25/2017,180.5
omn-za,1/26/2017,182.99
omn-za,1/27/2017,182.99
omn-za,1/30/2017,182.99
omn-za,1/31/2017,181.99
omn-za,2/1/2017,182.98
omn-za,2/2/2017,181.75
omn-za,2/3/2017,181.46
omn-za,2/6/2017,180.25
omn-za,2/7/2017,177.01
omn-za,2/8/2017,176.15
omn-za,2/9/2017,176.48
omn-za,2/10/2017,176.76
omn-za,2/13/2017,177
omn-za,2/14/2017,179.97
omn-za,2/15/2017,177.01
omn-za,2/16/2017,177.97
omn-za,2/17/2017,177.13
omn-za,2/20/2017,176.43
omn-za,2/21/2017,178.48
omn-za,2/22/2017,176.5
omn-za,2/23/2017,175.75
omn-za,2/24/2017,175.85
omn-za,2/27/2017,176
omn-za,2/28/2017,173.08
omn-za,3/1/2017,175.46
omn-za,3/2/2017,173.99
omn-za,3/3/2017,175
omn-za,3/6/2017,174.6
omn-za,3/7/2017,172.65
omn-za,3/8/2017,172.95
omn-za,3/9/2017,169.11
omn-za,3/10/2017,167.85
omn-za,3/13/2017,169.51
omn-za,3/14/2017,170.27
omn-za,3/15/2017,170.67
omn-za,3/16/2017,169.8
omn-za,3/17/2017,170
omn-za,3/20/2017,165.66
omn-za,3/22/2017,170
omn-za,3/23/2017,168
omn-za,3/24/2017,165.28
omn-za,3/27/2017,166.1
omn-za,3/28/2017,164.8
omn-za,3/29/2017,164.95
omn-za,3/30/2017,165
omn-za,3/31/2017,162.3
omn-za,4/3/2017,165
omn-za,4/4/2017,165
omn-za,4/5/2017,166
omn-za,4/6/2017,161.5
omn-za,4/7/2017,162.25
omn-za,4/10/2017,162.5
omn-za,4/11/2017,163.5
omn-za,4/12/2017,161.33
omn-za,4/13/2017,160.5
omn-za,4/18/2017,162
omn-za,4/19/2017,160.5
omn-za,4/20/2017,160.7
omn-za,4/21/2017,148.5
omn-za,4/24/2017,157.4
omn-za,4/25/2017,156.35
omn-za,4/26/2017,155.45
omn-za,4/28/2017,159.23
omn-za,5/2/2017,165.48
omn-za,5/3/2017,161.7
omn-za,5/4/2017,161.33
omn-za,5/5/2017,156.37
omn-za,5/8/2017,159.29
omn-za,5/9/2017,157.75
omn-za,5/10/2017,159.01
omn-za,5/11/2017,158.3
omn-za,5/12/2017,159.01
omn-za,5/15/2017,159
omn-za,5/16/2017,158.99
omn-za,5/17/2017,158.13
omn-za,5/18/2017,157.5
omn-za,5/19/2017,157.5
omn-za,5/22/2017,159
omn-za,5/23/2017,156.85
omn-za,5/24/2017,153.07
omn-za,5/25/2017,155.1
omn-za,5/26/2017,155.74
omn-za,5/29/2017,154.5
omn-za,5/30/2017,154
omn-za,5/31/2017,152.8
omn-za,6/1/2017,149.75
omn-za,6/2/2017,149.73
omn-za,6/5/2017,150
omn-za,6/6/2017,147.87
omn-za,6/7/2017,145
omn-za,6/8/2017,145
omn-za,6/9/2017,148
omn-za,6/12/2017,146.57
omn-za,6/13/2017,147.54
omn-za,6/14/2017,146.77
omn-za,6/15/2017,150
omn-za,6/19/2017,146
omn-za,6/20/2017,148
omn-za,6/21/2017,146.64
omn-za,6/22/2017,145
omn-za,6/23/2017,144.65
omn-za,6/26/2017,144.99
omn-za,6/27/2017,132.5
omn-za,6/28/2017,130
omn-za,6/29/2017,130.77
omn-za,6/30/2017,131
omn-za,7/3/2017,130.7
omn-za,7/4/2017,132.5
omn-za,7/5/2017,129
omn-za,7/6/2017,129.5
omn-za,7/7/2017,129.6
omn-za,7/10/2017,130.75
omn-za,7/11/2017,131.6
omn-za,7/12/2017,132.2
omn-za,7/13/2017,133.5
omn-za,7/14/2017,135.49
omn-za,7/17/2017,135.88
omn-za,7/18/2017,136.51
omn-za,7/19/2017,139
omn-za,7/20/2017,139.47
omn-za,7/21/2017,139.16
omn-za,7/24/2017,139.61
omn-za,7/25/2017,140.3
omn-za,7/26/2017,141.65
omn-za,7/27/2017,140.5
omn-za,7/28/2017,136
omn-za,7/31/2017,136.15
omn-za,8/1/2017,137.76
omn-za,8/2/2017,135.76
omn-za,8/3/2017,138.54
omn-za,8/4/2017,137.05
omn-za,8/7/2017,137.05
omn-za,8/8/2017,137.93
omn-za,8/10/2017,135.73
omn-za,8/11/2017,136.5
omn-za,8/14/2017,136
omn-za,8/15/2017,136.5
omn-za,8/16/2017,136.5
omn-za,8/17/2017,137.78
omn-za,8/18/2017,137.88
omn-za,8/21/2017,137.3
omn-za,8/22/2017,137.66
omn-za,8/23/2017,138.46
omn-za,8/24/2017,139.23
omn-za,8/25/2017,139.6
omn-za,8/28/2017,141.05
omn-za,8/29/2017,139.14
omn-za,8/30/2017,139.5
omn-za,8/31/2017,141.5
omn-za,9/1/2017,139
omn-za,9/4/2017,139.55
omn-za,9/5/2017,140.5
omn-za,9/6/2017,139.25
omn-za,9/7/2017,140.01
omn-za,9/8/2017,141.5
omn-za,9/11/2017,144.49
omn-za,9/12/2017,143.29
omn-za,9/13/2017,142
omn-za,9/14/2017,142.38
omn-za,9/15/2017,140.46
omn-za,9/18/2017,141.19
omn-za,9/19/2017,138.83
omn-za,9/20/2017,139.05
omn-za,9/21/2017,140.74
omn-za,9/22/2017,139.5
omn-za,9/26/2017,136.82
omn-za,9/27/2017,137.6
omn-za,9/28/2017,137.22
omn-za,9/29/2017,139.17
omn-za,10/2/2017,139.1
omn-za,10/3/2017,147.45
omn-za,10/4/2017,147.3
omn-za,10/5/2017,145.72
omn-za,10/6/2017,145.5
omn-za,10/9/2017,144.89
omn-za,10/10/2017,144.13
omn-za,10/11/2017,145
omn-za,10/12/2017,143.65
omn-za,10/13/2017,143.2
omn-za,10/16/2017,145.5
omn-za,10/17/2017,142.5
omn-za,10/18/2017,143.34
omn-za,10/19/2017,142.5
omn-za,10/20/2017,143.38
omn-za,10/23/2017,142.6
omn-za,10/24/2017,142.24
omn-za,10/25/2017,142.01
omn-za,10/26/2017,142
omn-za,10/27/2017,143.29
omn-za,10/30/2017,144.02
omn-za,10/31/2017,145.76
omn-za,11/1/2017,148
omn-za,11/2/2017,149.41
omn-za,11/3/2017,149.98
omn-za,11/6/2017,149.18
omn-za,11/7/2017,146.54
omn-za,11/8/2017,146.65
omn-za,11/9/2017,147.83
omn-za,11/10/2017,147.34
omn-za,11/13/2017,147.06
omn-za,11/14/2017,148.08
omn-za,11/15/2017,147.08
omn-za,11/16/2017,142.58
omn-za,11/17/2017,141.45
omn-za,11/20/2017,139.15
omn-za,11/21/2017,138.39
omn-za,11/22/2017,138.2
omn-za,11/23/2017,141.1
omn-za,11/24/2017,141.25
omn-za,11/27/2017,141.69
omn-za,11/28/2017,143.2
omn-za,11/29/2017,145.72
omn-za,11/30/2017,148.2
omn-za,12/1/2017,147.64
omn-za,12/4/2017,147.64
omn-za,12/5/2017,146.69
omn-za,12/6/2017,147.75
omn-za,12/7/2017,145.86
omn-za,12/8/2017,145.45
omn-za,12/11/2017,146.34
omn-za,12/12/2017,142.8
omn-za,12/13/2017,145.63
omn-za,12/14/2017,142
omn-za,12/15/2017,142.46
omn-za,12/18/2017,148.51
omn-za,12/19/2017,145.52
omn-za,12/20/2017,149.6
omn-za,12/21/2017,146.54
omn-za,12/22/2017,147.96
omn-za,12/27/2017,146.83
omn-za,12/28/2017,147.51
omn-za,12/29/2017,147.89
omn-za,1/2/2018,145.38
omn-za,1/3/2018,146.22
omn-za,1/4/2018,145.47
omn-za,1/5/2018,147.75
omn-za,1/8/2018,147.92
omn-za,1/9/2018,148.27
omn-za,1/10/2018,146
omn-za,1/11/2018,145.85
omn-za,1/12/2018,146
omn-za,1/15/2018,146.1
omn-za,1/16/2018,146.65
omn-za,1/17/2018,148
omn-za,1/18/2018,147.4
omn-za,1/19/2018,145.98
omn-za,1/22/2018,147.06
omn-za,1/23/2018,145.05
omn-za,1/24/2018,148.25
omn-za,1/25/2018,148.68
omn-za,1/26/2018,148.49
omn-za,1/29/2018,147.67
omn-za,1/30/2018,147.19
omn-za,1/31/2018,145.83
omn-za,2/1/2018,148.21
omn-za,2/2/2018,148.39
omn-za,2/5/2018,146
omn-za,2/6/2018,147.17
omn-za,2/7/2018,146
omn-za,2/8/2018,150
omn-za,2/9/2018,146
omn-za,2/12/2018,146.05
omn-za,2/13/2018,146.7
omn-za,2/14/2018,147.5
omn-za,2/15/2018,150.39
omn-za,2/16/2018,151.82
omn-za,2/19/2018,154
omn-za,2/20/2018,155.06
omn-za,2/21/2018,154.25
omn-za,2/22/2018,153.31
omn-za,2/23/2018,150.81
omn-za,2/26/2018,153.8
omn-za,2/27/2018,154.75
omn-za,2/28/2018,155.35
omn-za,3/1/2018,154.75
omn-za,3/2/2018,152.43
omn-za,3/5/2018,151.49
omn-za,3/6/2018,152.05
omn-za,3/7/2018,154
omn-za,3/8/2018,155
omn-za,3/9/2018,155.62
omn-za,3/12/2018,152.98
omn-za,3/13/2018,151
omn-za,3/14/2018,149.99
omn-za,3/15/2018,150
omn-za,3/16/2018,150
omn-za,3/19/2018,151.2
omn-za,3/20/2018,150.61
omn-za,3/22/2018,151
omn-za,3/23/2018,149.79
omn-za,3/26/2018,147.34
omn-za,3/27/2018,149
omn-za,3/28/2018,149
omn-za,3/29/2018,149
omn-za,4/3/2018,147.49
omn-za,4/4/2018,145.04
omn-za,4/5/2018,144.68
omn-za,4/6/2018,146.09
omn-za,4/9/2018,139.49
omn-za,4/10/2018,139.01
omn-za,4/11/2018,141
omn-za,4/12/2018,141.3
omn-za,4/13/2018,140.64
omn-za,4/16/2018,139.25
omn-za,4/17/2018,142.99
omn-za,4/18/2018,145.21
omn-za,4/19/2018,144.49
omn-za,4/20/2018,143.86
omn-za,4/23/2018,143.12
omn-za,4/24/2018,143.7
omn-za,4/25/2018,142.95
omn-za,4/26/2018,145
omn-za,4/30/2018,143.49
omn-za,5/2/2018,147.8
omn-za,5/3/2018,148.68
omn-za,5/4/2018,144.87
omn-za,5/7/2018,146.93
omn-za,5/8/2018,141.25
omn-za,5/9/2018,146.2
omn-za,5/10/2018,140.07
omn-za,5/11/2018,138.96
omn-za,5/14/2018,141.1
omn-za,5/15/2018,138.28
omn-za,5/16/2018,137
omn-za,5/17/2018,137.45
omn-za,5/18/2018,137
omn-za,5/21/2018,137
omn-za,5/22/2018,137.09
omn-za,5/23/2018,136.3
omn-za,5/24/2018,134.72
omn-za,5/25/2018,135
omn-za,5/28/2018,133.89
omn-za,5/29/2018,134.4
omn-za,5/30/2018,134.55
omn-za,5/31/2018,135
omn-za,6/1/2018,131.83
omn-za,6/4/2018,135.99
omn-za,6/5/2018,131
omn-za,6/6/2018,130.5
omn-za,6/7/2018,130.37
omn-za,6/8/2018,131.91
omn-za,6/11/2018,132
omn-za,6/12/2018,133
omn-za,6/13/2018,132
omn-za,6/14/2018,132.1
omn-za,6/15/2018,132
omn-za,6/18/2018,130.56
omn-za,6/19/2018,130.35
omn-za,6/20/2018,130.67
omn-za,6/21/2018,131.5
omn-za,6/22/2018,129.42
omn-za,6/25/2018,129.03
omn-za,6/26/2018,130.48
omn-za,6/27/2018,132
omn-za,6/28/2018,131.73
omn-za,6/29/2018,132
omn-za,7/2/2018,131.88
omn-za,7/3/2018,131.29
omn-za,7/4/2018,131.5
omn-za,7/5/2018,131
omn-za,7/6/2018,129.6
omn-za,7/9/2018,129.73
omn-za,7/10/2018,129.8
omn-za,7/11/2018,127.74
omn-za,7/12/2018,125.55
omn-za,7/13/2018,125.2
omn-za,7/16/2018,125.2
omn-za,7/17/2018,125.73
omn-za,7/18/2018,125.81
omn-za,7/19/2018,124.86
omn-za,7/20/2018,125.76
omn-za,7/23/2018,126.07
omn-za,7/24/2018,126.48
omn-za,7/25/2018,126.91
omn-za,7/26/2018,127.05
omn-za,7/27/2018,128.1
omn-za,7/30/2018,128.86
omn-za,7/31/2018,129.45
omn-za,8/1/2018,130.62
omn-za,8/2/2018,128.63
omn-za,8/3/2018,129.61
omn-za,8/6/2018,129.43
omn-za,8/7/2018,131.48
omn-za,8/8/2018,131.85
omn-za,8/10/2018,131.03
omn-za,8/13/2018,128.16
omn-za,8/14/2018,129.64
omn-za,8/15/2018,129.17
omn-za,8/16/2018,129.6
omn-za,8/17/2018,128.04
omn-za,8/20/2018,128.05
omn-za,8/21/2018,128.53
omn-za,8/22/2018,128.62
omn-za,8/23/2018,128.7
omn-za,8/24/2018,128
omn-za,8/27/2018,130
omn-za,8/28/2018,129.99
omn-za,8/29/2018,129.86
omn-za,8/30/2018,128.52
omn-za,8/31/2018,130
omn-za,9/3/2018,129.2
omn-za,9/4/2018,127.86
omn-za,9/5/2018,127.94
omn-za,9/6/2018,127.72
omn-za,9/7/2018,127.5
omn-za,9/10/2018,127
omn-za,9/11/2018,126.7
omn-za,9/12/2018,125.12
omn-za,9/13/2018,125.14
omn-za,9/14/2018,124.7
omn-za,9/17/2018,123.29
omn-za,9/18/2018,124.21
omn-za,9/19/2018,126.03
omn-za,9/20/2018,125.55
omn-za,9/21/2018,125.39
omn-za,9/25/2018,125.54
omn-za,9/26/2018,126.5
omn-za,9/27/2018,126.06
omn-za,9/28/2018,126.48
omn-za,10/1/2018,126.18
omn-za,10/2/2018,124.77
omn-za,10/3/2018,124.56
omn-za,10/4/2018,125.6
omn-za,10/5/2018,126.35
omn-za,10/8/2018,127.29
omn-za,10/9/2018,126.7
omn-za,10/10/2018,125.34
omn-za,10/11/2018,125.99
omn-za,10/12/2018,125.36
omn-za,10/15/2018,123.8
omn-za,10/16/2018,127.29
omn-za,10/17/2018,123.93
omn-za,10/18/2018,121.66
omn-za,10/19/2018,122.61
omn-za,10/22/2018,121.41
omn-za,10/23/2018,122.11
omn-za,10/24/2018,121.97
omn-za,10/25/2018,120
omn-za,10/26/2018,117
omn-za,10/29/2018,116.5
omn-za,10/30/2018,115.97
omn-za,10/31/2018,116.2
omn-za,11/1/2018,115.8
omn-za,11/2/2018,115
omn-za,11/5/2018,115
omn-za,11/6/2018,114.5
omn-za,11/7/2018,116.44
omn-za,11/8/2018,116.5
omn-za,11/9/2018,115.99
omn-za,11/12/2018,103.6
omn-za,11/13/2018,99.86
omn-za,11/14/2018,99
omn-za,11/15/2018,97.8
omn-za,11/16/2018,95.6
omn-za,11/19/2018,94.5
omn-za,11/20/2018,91.68
omn-za,11/21/2018,87.31
omn-za,11/22/2018,87
omn-za,11/23/2018,84.9
omn-za,11/26/2018,84.93
omn-za,11/27/2018,89.5
omn-za,11/28/2018,85.5
omn-za,11/29/2018,83.64
omn-za,11/30/2018,81.75
omn-za,12/3/2018,82.66
omn-za,12/4/2018,86.15
omn-za,12/5/2018,83.78
omn-za,12/6/2018,82.44
omn-za,12/7/2018,82.53
omn-za,12/10/2018,82.91
omn-za,12/11/2018,82.8
omn-za,12/12/2018,82.5
omn-za,12/13/2018,82.6
omn-za,12/14/2018,82.12
omn-za,12/18/2018,81.13
omn-za,12/19/2018,81.5
omn-za,12/20/2018,81.75
omn-za,12/21/2018,83.09
omn-za,12/24/2018,82.26
omn-za,12/27/2018,82.26
omn-za,12/28/2018,84.17
omn-za,12/31/2018,84.5
omn-za,1/2/2019,83.9
omn-za,1/3/2019,86.19
omn-za,1/4/2019,87.56
omn-za,1/7/2019,90.73
omn-za,1/8/2019,89.75
omn-za,1/9/2019,90.53
omn-za,1/10/2019,92.3
omn-za,1/11/2019,92
omn-za,1/14/2019,93.12
omn-za,1/15/2019,91.89
omn-za,1/16/2019,91.42
omn-za,1/17/2019,91
omn-za,1/18/2019,90.5
omn-za,1/21/2019,90.4
omn-za,1/22/2019,91.16
omn-za,1/23/2019,89.76
omn-za,1/24/2019,89.75
omn-za,1/25/2019,85.11
omn-za,1/28/2019,86
omn-za,1/29/2019,84.43
omn-za,1/30/2019,84.5
omn-za,1/31/2019,84.49
omn-za,2/1/2019,84
omn-za,2/4/2019,82.15
omn-za,2/5/2019,80.25
omn-za,2/6/2019,81
omn-za,2/7/2019,78.5
omn-za,2/8/2019,73.99
omn-za,2/11/2019,72.99
omn-za,2/12/2019,70
omn-za,2/13/2019,69.42
omn-za,2/14/2019,67.98
omn-za,2/15/2019,67.15
omn-za,2/18/2019,66.18
omn-za,2/19/2019,69.57
omn-za,2/20/2019,64.5
omn-za,2/21/2019,65.35
omn-za,2/22/2019,65.24
omn-za,2/25/2019,63.69
omn-za,2/26/2019,60
omn-za,2/27/2019,56.9
omn-za,2/28/2019,59.65
omn-za,3/1/2019,60
omn-za,3/4/2019,60.5
omn-za,3/5/2019,60.53
omn-za,3/6/2019,61.14
omn-za,3/7/2019,60.5
omn-za,3/8/2019,61.56
omn-za,3/11/2019,60
omn-za,3/12/2019,59
omn-za,3/13/2019,60.7
omn-za,3/14/2019,61.13
omn-za,3/15/2019,61.05
omn-za,3/18/2019,59.75
omn-za,3/19/2019,58
omn-za,3/20/2019,55.2
omn-za,3/22/2019,56
omn-za,3/25/2019,56
omn-za,3/26/2019,56.02
omn-za,3/27/2019,57
omn-za,3/28/2019,52.55
omn-za,3/29/2019,50.9
omn-za,4/1/2019,49
omn-za,4/2/2019,48.13
omn-za,4/3/2019,47.75
omn-za,4/4/2019,47
omn-za,4/5/2019,47.75
omn-za,4/8/2019,48.62
omn-za,4/9/2019,51.75
omn-za,4/10/2019,51
omn-za,4/11/2019,49.01
omn-za,4/12/2019,50
omn-za,4/15/2019,53
omn-za,4/16/2019,56.2
omn-za,4/17/2019,53.34
omn-za,4/18/2019,50
omn-za,4/23/2019,58.14
omn-za,4/24/2019,58.1
omn-za,4/25/2019,58.62
omn-za,4/26/2019,58.78
omn-za,4/29/2019,58.97
omn-za,4/30/2019,58.2
omn-za,5/2/2019,58.01
omn-za,5/3/2019,59.33
omn-za,5/6/2019,60.94
omn-za,5/7/2019,61.55
omn-za,5/9/2019,60.5
omn-za,5/10/2019,60.7
omn-za,5/13/2019,56.23
omn-za,5/14/2019,54.3
omn-za,5/15/2019,54.98
omn-za,5/16/2019,54.79
omn-za,5/17/2019,54.51
omn-za,5/20/2019,54.2
omn-za,5/21/2019,53.7
omn-za,5/22/2019,52.57
omn-za,5/23/2019,52.2
omn-za,5/24/2019,52.05
omn-za,5/27/2019,52.97
omn-za,5/28/2019,53.06
omn-za,5/29/2019,53.05
omn-za,5/30/2019,46.6
omn-za,5/31/2019,44.25
omn-za,6/3/2019,43.97
omn-za,6/4/2019,44.01
omn-za,6/5/2019,43.36
omn-za,6/6/2019,43.5
omn-za,6/7/2019,43.49
omn-za,6/10/2019,43.4
omn-za,6/11/2019,43.26
omn-za,6/12/2019,41
omn-za,6/13/2019,38.16
omn-za,6/14/2019,38.01
omn-za,6/18/2019,37.27
omn-za,6/19/2019,38.18
omn-za,6/20/2019,39.8
omn-za,6/21/2019,36.11
omn-za,6/24/2019,34.34
omn-za,6/25/2019,38.39
omn-za,6/26/2019,37.2
omn-za,6/27/2019,35.18
omn-za,6/28/2019,35.22
omn-za,7/1/2019,33.6
omn-za,7/2/2019,32.12
omn-za,7/3/2019,31.12
omn-za,7/4/2019,31.55
omn-za,7/5/2019,31.01
omn-za,7/8/2019,28.78
omn-za,7/9/2019,29.45
omn-za,7/10/2019,30.36
omn-za,7/11/2019,30
omn-za,7/12/2019,31.07
omn-za,7/15/2019,31.1
omn-za,7/16/2019,33
omn-za,7/17/2019,33.1
omn-za,7/18/2019,32.75
omn-za,7/19/2019,33.02
omn-za,7/22/2019,33.3
omn-za,7/23/2019,33.62
omn-za,7/24/2019,33.57
omn-za,7/25/2019,34.13
omn-za,7/26/2019,33.33
omn-za,7/29/2019,32.35
omn-za,7/30/2019,34
omn-za,7/31/2019,33.76
omn-za,8/1/2019,34.36
omn-za,8/2/2019,33.11
omn-za,8/5/2019,32.51
omn-za,8/6/2019,32.49
omn-za,8/7/2019,32.93
omn-za,8/8/2019,34.07
omn-za,8/12/2019,33.57
omn-za,8/13/2019,34.3
omn-za,8/14/2019,34.35
omn-za,8/15/2019,34.3
omn-za,8/16/2019,34.6
omn-za,8/19/2019,35.5
omn-za,8/20/2019,36
omn-za,8/21/2019,36.9
omn-za,8/22/2019,35.03
omn-za,8/23/2019,34.88
omn-za,8/26/2019,34.72
omn-za,8/27/2019,35.34
omn-za,8/28/2019,41.2
omn-za,8/29/2019,42.33
omn-za,8/30/2019,44.7
omn-za,9/2/2019,41.7
omn-za,9/3/2019,41.25
omn-za,9/4/2019,28.54
omn-za,9/5/2019,28.72
omn-za,9/6/2019,28.33
omn-za,9/9/2019,28.35
omn-za,9/10/2019,29
omn-za,9/11/2019,28.5
omn-za,9/12/2019,28.04
omn-za,9/13/2019,28.25
omn-za,9/16/2019,28.04
omn-za,9/17/2019,25.5
omn-za,9/18/2019,26.5
omn-za,9/19/2019,26.2
omn-za,9/20/2019,26.5
omn-za,9/23/2019,26.75
omn-za,9/25/2019,26.03
omn-za,9/26/2019,25
omn-za,9/27/2019,24.6
omn-za,9/30/2019,24.91
omn-za,10/1/2019,25.12
omn-za,10/2/2019,25.5
omn-za,10/3/2019,26
omn-za,10/4/2019,25.7
omn-za,10/7/2019,27.78
omn-za,10/8/2019,26.62
omn-za,10/9/2019,25.8
omn-za,10/10/2019,26.5
omn-za,10/11/2019,25.73
omn-za,10/14/2019,25.75
omn-za,10/15/2019,25.76
omn-za,10/16/2019,26.05
omn-za,10/17/2019,26.17
omn-za,10/18/2019,26.54
omn-za,10/21/2019,26.74
omn-za,10/22/2019,26.61
omn-za,10/23/2019,26.26
omn-za,10/24/2019,26.13
omn-za,10/25/2019,26.6
omn-za,10/28/2019,26.05
omn-za,10/29/2019,26
omn-za,10/30/2019,25.75
omn-za,10/31/2019,25.9
omn-za,11/1/2019,25.6
omn-za,11/4/2019,25.69
omn-za,11/5/2019,25.4
omn-za,11/6/2019,26
omn-za,11/7/2019,26.2
omn-za,11/8/2019,26.72
omn-za,11/11/2019,27.3
omn-za,11/12/2019,27.68
omn-za,11/13/2019,27.85
omn-za,11/14/2019,27.76
omn-za,11/15/2019,27.75
omn-za,11/18/2019,27.5
omn-za,11/19/2019,30.14
omn-za,11/20/2019,30.6
omn-za,11/21/2019,30.39
omn-za,11/22/2019,30.21
omn-za,11/25/2019,30.3
omn-za,11/26/2019,31.75
omn-za,11/27/2019,33.01
omn-za,11/28/2019,34.3
omn-za,11/29/2019,34.5
omn-za,12/2/2019,35.11
omn-za,12/3/2019,35.1
omn-za,12/4/2019,35.3
omn-za,12/5/2019,35.6
omn-za,12/6/2019,35.56
omn-za,12/9/2019,36
omn-za,12/10/2019,35.9
omn-za,12/11/2019,36.35
omn-za,12/12/2019,35.8
omn-za,12/13/2019,36
omn-za,12/17/2019,36.19
omn-za,12/18/2019,36.26
omn-za,12/19/2019,36.2
omn-za,12/20/2019,35.94
omn-za,12/23/2019,35.84
omn-za,12/24/2019,34.42
omn-za,12/27/2019,34.51
omn-za,12/30/2019,34.2
omn-za,12/31/2019,33.75
omn-za,1/2/2020,33.94
omn-za,1/3/2020,33.7
omn-za,1/6/2020,34.11
omn-za,1/7/2020,34.84
omn-za,1/8/2020,34.24
omn-za,1/9/2020,34.04
omn-za,1/10/2020,34.07
omn-za,1/13/2020,34.48
omn-za,1/14/2020,34.05
omn-za,1/15/2020,33.65
omn-za,1/16/2020,33.65
omn-za,1/17/2020,33.51
omn-za,1/20/2020,33.29
omn-za,1/21/2020,33.16
omn-za,1/22/2020,33
omn-za,1/23/2020,32.66
omn-za,1/24/2020,32.95
omn-za,1/27/2020,33.17
omn-za,1/28/2020,33.64
omn-za,1/29/2020,33.9
omn-za,1/30/2020,34.45
omn-za,1/31/2020,33.12
omn-za,2/3/2020,33.98
omn-za,2/4/2020,33.06
omn-za,2/5/2020,33.43
omn-za,2/6/2020,34.25
omn-za,2/7/2020,33.6
omn-za,2/10/2020,33
omn-za,2/11/2020,32.05
omn-za,2/12/2020,31.65
omn-za,2/13/2020,31.4
omn-za,2/14/2020,31.2
omn-za,2/17/2020,31.33
omn-za,2/18/2020,30.9
omn-za,2/19/2020,29.5
omn-za,2/20/2020,28.89
omn-za,2/21/2020,27.65
omn-za,2/24/2020,26.47
omn-za,2/25/2020,26.1
omn-za,2/26/2020,25.49
omn-za,2/27/2020,24.5
omn-za,2/28/2020,25.01
omn-za,3/2/2020,25.66
omn-za,3/3/2020,26.9
omn-za,3/4/2020,27.36
omn-za,3/5/2020,25.01
omn-za,3/6/2020,24.91
omn-za,3/9/2020,25.19
omn-za,3/10/2020,25.69
omn-za,3/11/2020,25.01
omn-za,3/12/2020,22.15
omn-za,3/13/2020,23.5
omn-za,3/16/2020,22.9
omn-za,3/17/2020,25.76
omn-za,3/18/2020,25.6
omn-za,3/19/2020,23.4
omn-za,3/20/2020,24.9
omn-za,3/23/2020,22.5
omn-za,3/24/2020,23.1
omn-za,3/25/2020,22.9
omn-za,3/26/2020,22
omn-za,3/27/2020,23.01
omn-za,3/30/2020,23
omn-za,3/31/2020,22.87
omn-za,4/1/2020,22.59
omn-za,4/2/2020,22.6
omn-za,4/3/2020,22.26
omn-za,4/6/2020,22.59
omn-za,4/7/2020,23.12
omn-za,4/8/2020,23.4
omn-za,4/9/2020,24.4
omn-za,4/14/2020,24.46
omn-za,4/15/2020,25
omn-za,4/16/2020,25.35
omn-za,4/17/2020,25.28
omn-za,4/20/2020,24.3
omn-za,4/21/2020,24.05
omn-za,4/22/2020,24
omn-za,4/23/2020,24.03
omn-za,4/24/2020,24.39
omn-za,4/28/2020,24.58
omn-za,4/29/2020,24.64
omn-za,4/30/2020,23.54
omn-za,5/4/2020,24.15
omn-za,5/5/2020,23.08
omn-za,5/6/2020,22.97
omn-za,5/7/2020,22.57
omn-za,5/8/2020,20.9
omn-za,5/11/2020,20.9
omn-za,5/12/2020,20.81
omn-za,5/13/2020,17.8
omn-za,5/14/2020,17.2
omn-za,5/15/2020,16.91
omn-za,5/18/2020,15.49
omn-za,5/19/2020,15.66
omn-za,5/20/2020,15.65
omn-za,5/21/2020,15.45
omn-za,5/22/2020,15.82
omn-za,5/25/2020,15.36
omn-za,5/26/2020,15.41
omn-za,5/27/2020,15.36
omn-za,5/28/2020,14.95
omn-za,5/29/2020,15.01
omn-za,6/1/2020,18
omn-za,6/2/2020,19.4
omn-za,6/3/2020,21.25
omn-za,6/4/2020,21.09
omn-za,6/5/2020,24
omn-za,6/8/2020,24.5
omn-za,6/9/2020,23.44
omn-za,6/10/2020,23.2
omn-za,6/11/2020,23
omn-za,6/12/2020,24
omn-za,6/15/2020,23.3
omn-za,6/17/2020,23.5
omn-za,6/18/2020,23.79
omn-za,6/19/2020,23.1
omn-za,6/22/2020,28.39
omn-za,6/23/2020,27.5
omn-za,6/24/2020,27.85
omn-za,6/25/2020,28.04
omn-za,6/26/2020,28.1
omn-za,6/29/2020,28
omn-za,6/30/2020,27.86
omn-za,7/1/2020,26.6
omn-za,7/2/2020,26.6
omn-za,7/3/2020,27.2
omn-za,7/6/2020,28.05
omn-za,7/7/2020,28.55
omn-za,7/8/2020,29.1
omn-za,7/9/2020,28.4
omn-za,7/10/2020,27.85
omn-za,7/13/2020,28.1
omn-za,7/14/2020,27.4
omn-za,7/15/2020,26.53
omn-za,7/16/2020,26.34
omn-za,7/17/2020,26.34
omn-za,7/20/2020,26.84
omn-za,7/21/2020,26.62
omn-za,7/22/2020,26.71
omn-za,7/23/2020,26.2
omn-za,7/24/2020,26.91
omn-za,7/27/2020,27.15
omn-za,7/28/2020,27.6
omn-za,7/29/2020,27.5
omn-za,7/30/2020,26.77
omn-za,7/31/2020,27.28
omn-za,8/3/2020,26.2
omn-za,8/4/2020,26.77
omn-za,8/5/2020,26.1
omn-za,8/6/2020,26.09
omn-za,8/7/2020,26.43
omn-za,8/11/2020,26.25
omn-za,8/12/2020,26.47
omn-za,8/13/2020,26.93
omn-za,8/14/2020,27.19
omn-za,8/17/2020,26.49
omn-za,8/18/2020,25
omn-za,8/19/2020,25.2
omn-za,8/20/2020,24.7
omn-za,8/21/2020,24.83
omn-za,8/24/2020,25
omn-za,8/25/2020,25.89
omn-za,8/26/2020,24.8
omn-za,8/27/2020,25.14
omn-za,8/28/2020,24.05
omn-za,8/31/2020,24.85
omn-za,9/1/2020,24.57
omn-za,9/2/2020,25.89
omn-za,9/3/2020,24.91
omn-za,9/4/2020,23.94
omn-za,9/7/2020,26
omn-za,9/8/2020,25.9
omn-za,9/9/2020,25.5
omn-za,9/10/2020,27.47
omn-za,9/11/2020,27.75
omn-za,9/14/2020,28.01
omn-za,9/15/2020,28.66
omn-za,9/16/2020,29.5
omn-za,9/17/2020,28.6
omn-za,9/18/2020,28.89
omn-za,9/21/2020,29.25
omn-za,9/22/2020,28.9
omn-za,9/23/2020,29.54
omn-za,9/25/2020,29.47
omn-za,9/28/2020,30.17
omn-za,9/29/2020,31.21
omn-za,9/30/2020,31
omn-za,10/1/2020,31.24
omn-za,10/2/2020,31.04
omn-za,10/5/2020,31.1
omn-za,10/6/2020,30.5
omn-za,10/7/2020,31.07
omn-za,10/8/2020,32.78
omn-za,10/9/2020,34.5
omn-za,10/12/2020,35.39
omn-za,10/13/2020,37.27
omn-za,10/14/2020,38.46
omn-za,10/15/2020,38.5
omn-za,10/16/2020,39.93
omn-za,10/19/2020,40.64
omn-za,10/20/2020,39.75
omn-za,10/21/2020,39
omn-za,10/22/2020,40
omn-za,10/23/2020,41.25
omn-za,10/26/2020,43
omn-za,10/27/2020,42.33
omn-za,10/28/2020,41
omn-za,10/29/2020,40.39
omn-za,10/30/2020,38.01
omn-za,11/2/2020,38.86
omn-za,11/3/2020,38.5
omn-za,11/4/2020,38.23
omn-za,11/5/2020,38.5
omn-za,11/6/2020,39
omn-za,11/9/2020,39.65
omn-za,11/10/2020,39.76
omn-za,11/11/2020,41.81
omn-za,11/12/2020,43.61
omn-za,11/13/2020,43.5
omn-za,11/16/2020,44
omn-za,11/17/2020,43.6
omn-za,11/18/2020,43.54
omn-za,11/19/2020,42.63
omn-za,11/20/2020,43.9
omn-za,11/23/2020,44.2
omn-za,11/24/2020,46
omn-za,11/25/2020,49.85
omn-za,11/26/2020,49.25
omn-za,11/27/2020,48.4
omn-za,11/30/2020,47.18
omn-za,12/1/2020,44.15
omn-za,12/2/2020,42.7
omn-za,12/3/2020,42.56
omn-za,12/4/2020,40.91
omn-za,12/7/2020,41
omn-za,12/8/2020,41.98
omn-za,12/9/2020,45.74
omn-za,12/10/2020,47.91
omn-za,12/11/2020,49.13
omn-za,12/14/2020,47.4
omn-za,12/15/2020,46.55
omn-za,12/17/2020,44.58
omn-za,12/18/2020,47.25
omn-za,12/21/2020,45.27
omn-za,12/22/2020,45.42
omn-za,12/23/2020,45.12
omn-za,12/24/2020,45.43
omn-za,12/28/2020,44.71
omn-za,12/29/2020,44.71
omn-za,12/30/2020,45.48
omn-za,12/31/2020,46.09
omn-za,1/4/2021,45.61
omn-za,1/5/2021,45.1
omn-za,1/6/2021,43.87
omn-za,1/7/2021,44.76
omn-za,1/8/2021,44.5
omn-za,1/11/2021,44.55
omn-za,1/12/2021,45.62
omn-za,1/13/2021,44.95
omn-za,1/14/2021,44.1
omn-za,1/15/2021,44.46
omn-za,1/18/2021,44.03
omn-za,1/19/2021,44.07
omn-za,1/20/2021,45.27
omn-za,1/21/2021,45.2
omn-za,1/22/2021,44.82
omn-za,1/25/2021,47.97
omn-za,1/26/2021,45.4
omn-za,1/27/2021,44.19
omn-za,1/28/2021,44.65
omn-za,1/29/2021,44.4
omn-za,2/1/2021,44.7
omn-za,2/2/2021,44.16
omn-za,2/3/2021,44.3
omn-za,2/4/2021,45
omn-za,2/5/2021,44.85
omn-za,2/8/2021,45.35
omn-za,2/9/2021,45
omn-za,2/10/2021,45
omn-za,2/11/2021,46.32
omn-za,2/12/2021,46
omn-za,2/15/2021,45.3
omn-za,2/16/2021,45.93
omn-za,2/17/2021,48
omn-za,2/18/2021,48
omn-za,2/19/2021,46.25
omn-za,2/22/2021,46.84
omn-za,2/23/2021,46.79
omn-za,2/24/2021,46.5
omn-za,2/25/2021,45.55
omn-za,2/26/2021,44.8
omn-za,3/1/2021,45.51
omn-za,3/2/2021,46.08
omn-za,3/3/2021,46.75
omn-za,3/4/2021,45.9
omn-za,3/5/2021,46.12
omn-za,3/8/2021,47.68
omn-za,3/9/2021,48
omn-za,3/10/2021,47.44
omn-za,3/11/2021,47.68
omn-za,3/12/2021,46.83
omn-za,3/15/2021,47.2
omn-za,3/16/2021,47.65
omn-za,3/17/2021,50.15
omn-za,3/18/2021,49.5
omn-za,3/19/2021,48.95
omn-za,3/23/2021,47.6
omn-za,3/24/2021,46.22
omn-za,3/25/2021,48.15
omn-za,3/26/2021,48.74
omn-za,3/29/2021,48.33
omn-za,3/30/2021,49.34
omn-za,3/31/2021,49
omn-za,4/1/2021,49.12
omn-za,4/6/2021,48.6
omn-za,4/7/2021,49.6
omn-za,4/8/2021,49.86
omn-za,4/9/2021,50.05
omn-za,4/12/2021,50.53
omn-za,4/13/2021,50.65
omn-za,4/14/2021,51.28
omn-za,4/15/2021,50.9
omn-za,4/16/2021,49.48
omn-za,4/19/2021,48.43
omn-za,4/20/2021,47.5
omn-za,4/21/2021,47.2
omn-za,4/22/2021,48.8
omn-za,4/23/2021,49.93
omn-za,4/26/2021,50
omn-za,4/28/2021,50.5
omn-za,4/29/2021,51.2
omn-za,4/30/2021,51
omn-za,5/3/2021,50.31
omn-za,5/4/2021,49.45
omn-za,5/5/2021,49.5
omn-za,5/6/2021,48.99
omn-za,5/7/2021,49.5
omn-za,5/10/2021,48.94
omn-za,5/11/2021,48.33
omn-za,5/12/2021,48.3
omn-za,5/13/2021,49.91
omn-za,5/14/2021,48.99
omn-za,5/17/2021,49.77
omn-za,5/18/2021,48.77
omn-za,5/19/2021,49.76
omn-za,5/20/2021,49.94
omn-za,5/21/2021,50
omn-za,5/24/2021,50.21
omn-za,5/25/2021,49.71
omn-za,5/26/2021,49.94
omn-za,5/27/2021,49.79
omn-za,5/28/2021,50
omn-za,5/31/2021,50
omn-za,6/1/2021,50
omn-za,6/2/2021,54
omn-za,6/3/2021,54.94
omn-za,6/4/2021,54.99
omn-za,6/7/2021,56.5
omn-za,6/8/2021,56.85
omn-za,6/9/2021,55.25
omn-za,6/10/2021,56
omn-za,6/11/2021,54.75
omn-za,6/14/2021,55
omn-za,6/15/2021,55.3
omn-za,6/17/2021,55.56
omn-za,6/18/2021,55.5
omn-za,6/21/2021,54.28
omn-za,6/22/2021,54.85
omn-za,6/23/2021,55.49
omn-za,6/24/2021,54.1
omn-za,6/25/2021,54.94
omn-za,6/28/2021,54.6
omn-za,6/29/2021,54.25
omn-za,6/30/2021,55.25
omn-za,7/1/2021,54.66
omn-za,7/2/2021,52.34
omn-za,7/5/2021,51.7
omn-za,7/6/2021,51.96
omn-za,7/7/2021,53.39
omn-za,7/8/2021,54.97
omn-za,7/9/2021,53.56
omn-za,7/12/2021,54.5
omn-za,7/13/2021,54.6
omn-za,7/14/2021,54.57
omn-za,7/15/2021,53.44
omn-za,7/16/2021,53.01
omn-za,7/19/2021,52.19
omn-za,7/20/2021,53.25
omn-za,7/21/2021,54
omn-za,7/22/2021,54.49
omn-za,7/23/2021,54.8
omn-za,7/26/2021,53.71
omn-za,7/27/2021,54.08
omn-za,7/28/2021,55.15
omn-za,7/29/2021,54.99
omn-za,7/30/2021,55.71
omn-za,8/2/2021,54.02
omn-za,8/3/2021,53.3
omn-za,8/4/2021,54.82
omn-za,8/5/2021,54.8
omn-za,8/6/2021,54.76
omn-za,8/10/2021,55.66
omn-za,8/11/2021,50.8
omn-za,8/12/2021,51
omn-za,8/13/2021,52.2
omn-za,8/16/2021,52.56
omn-za,8/17/2021,52.7
omn-za,8/18/2021,53
omn-za,8/19/2021,51.7
omn-za,8/20/2021,51.75
omn-za,8/23/2021,51.76
omn-za,8/24/2021,52.2
omn-za,8/25/2021,52
omn-za,8/26/2021,52.1
omn-za,8/27/2021,52.3
omn-za,8/30/2021,52.73
omn-za,8/31/2021,53.77
omn-za,9/1/2021,52
omn-za,9/2/2021,52.93
omn-za,9/3/2021,53.23
omn-za,9/6/2021,53.6
omn-za,9/7/2021,54.27
omn-za,9/8/2021,53.72
omn-za,9/9/2021,53.66
omn-za,9/10/2021,53.85
omn-za,9/13/2021,54.22
omn-za,9/14/2021,54.2
omn-za,9/15/2021,54.81
omn-za,9/16/2021,56.23
omn-za,9/17/2021,56.37
omn-za,9/20/2021,55.73
omn-za,9/21/2021,55.39
omn-za,9/22/2021,56.81
omn-za,9/23/2021,57.36
omn-za,9/27/2021,58.22
omn-za,9/28/2021,58.01
omn-za,9/29/2021,59.5
omn-za,9/30/2021,64.72
omn-za,10/1/2021,62.07
omn-za,10/4/2021,61.25
omn-za,10/5/2021,63.25
omn-za,10/6/2021,63.8
omn-za,10/7/2021,64.16
omn-za,10/8/2021,63.44
omn-za,10/11/2021,63.8
omn-za,10/12/2021,64.91
omn-za,10/13/2021,65.85
omn-za,10/14/2021,65.8
omn-za,10/15/2021,65.66
omn-za,10/18/2021,65.98
omn-za,10/19/2021,65.32
omn-za,10/20/2021,65.48
omn-za,10/21/2021,63.19
omn-za,10/22/2021,62.98
omn-za,10/25/2021,63
omn-za,10/26/2021,63.97
omn-za,10/27/2021,62.45
omn-za,10/28/2021,63.91
omn-za,10/29/2021,63.34
omn-za,11/2/2021,63
omn-za,11/3/2021,62.2
omn-za,11/4/2021,63.7
omn-za,11/5/2021,61.44
omn-za,11/8/2021,62.85
omn-za,11/9/2021,61.63
omn-za,11/10/2021,61.81
omn-za,11/11/2021,62.35
omn-za,11/12/2021,60.4
omn-za,11/15/2021,61
omn-za,11/16/2021,60.89
omn-za,11/17/2021,61.9
omn-za,11/18/2021,60.9
omn-za,11/19/2021,60.51
omn-za,11/22/2021,62.99
omn-za,11/23/2021,62.5
omn-za,11/24/2021,62.18
omn-za,11/25/2021,62.76
omn-za,11/26/2021,61.97
omn-za,11/29/2021,63.31
omn-za,11/30/2021,64.61
omn-za,12/1/2021,63.82
omn-za,12/2/2021,64.29
omn-za,12/3/2021,63.82
omn-za,12/6/2021,63.36
omn-za,12/7/2021,63.82
omn-za,12/8/2021,62.43
omn-za,12/9/2021,63.71
omn-za,12/10/2021,62.36
omn-za,12/13/2021,62
omn-za,12/14/2021,61.98
omn-za,12/15/2021,62.17
omn-za,12/17/2021,65
omn-za,12/20/2021,62.62
omn-za,12/21/2021,63.34
omn-za,12/22/2021,63.61
omn-za,12/23/2021,62.75
omn-za,12/24/2021,63.03
omn-za,12/28/2021,63.24
omn-za,12/29/2021,64.01
omn-za,12/30/2021,64.26
omn-za,12/31/2021,64.01
omn-za,1/3/2022,63.96
omn-za,1/4/2022,63.65
omn-za,1/5/2022,63.1
omn-za,1/6/2022,63.11
omn-za,1/7/2022,62.9
omn-za,1/10/2022,62.62
omn-za,1/11/2022,62.62
omn-za,1/12/2022,62.81
omn-za,1/13/2022,63.28
omn-za,1/14/2022,62.8
omn-za,1/17/2022,62.66
omn-za,1/18/2022,59.77
omn-za,1/19/2022,60.56
omn-za,1/20/2022,60.81
omn-za,1/21/2022,60.99
omn-za,1/24/2022,61.01
omn-za,1/25/2022,58.61
omn-za,1/26/2022,58.7
omn-za,1/27/2022,59.25
omn-za,1/28/2022,58.79
omn-za,1/31/2022,61.28
omn-za,2/1/2022,61.66
omn-za,2/2/2022,62.66
omn-za,2/3/2022,60.61
omn-za,2/4/2022,60
omn-za,2/7/2022,59.18
omn-za,2/8/2022,58.88
omn-za,2/9/2022,60.47
omn-za,2/10/2022,61.11
omn-za,2/11/2022,61
omn-za,2/14/2022,62.47
omn-za,2/15/2022,64.92
omn-za,2/16/2022,66.7
omn-za,2/17/2022,67.32
omn-za,2/18/2022,68.09
omn-za,2/21/2022,68.33
omn-za,2/22/2022,66.91
omn-za,2/23/2022,66.18
omn-za,2/24/2022,63.97
omn-za,2/25/2022,63.7
omn-za,2/28/2022,63.68
omn-za,3/1/2022,64.38
omn-za,3/2/2022,63.97
omn-za,3/3/2022,65
omn-za,3/4/2022,63.21
omn-za,3/7/2022,63.53
omn-za,3/8/2022,61.78
omn-za,3/9/2022,64.35
omn-za,3/10/2022,63.83
omn-za,3/11/2022,65.39
omn-za,3/14/2022,64.75
omn-za,3/15/2022,63.56
omn-za,3/16/2022,65.58
omn-za,3/17/2022,66.5
omn-za,3/18/2022,67.13
omn-za,3/22/2022,69.2
omn-za,3/23/2022,68.12
omn-za,3/24/2022,68.47
omn-za,3/25/2022,70.8
omn-za,3/28/2022,70.35
omn-za,3/29/2022,72.58
omn-za,3/30/2022,73
omn-za,3/31/2022,75.2
omn-za,4/1/2022,74.7
omn-za,4/4/2022,74.09
omn-za,4/5/2022,75.1
omn-za,4/6/2022,76.01
omn-za,4/7/2022,76.38
omn-za,4/8/2022,78
omn-za,4/11/2022,80.1
omn-za,4/12/2022,80.4
omn-za,4/13/2022,80.68
omn-za,4/14/2022,80.58
omn-za,4/19/2022,80.26
omn-za,4/20/2022,79.76
omn-za,4/21/2022,80.6
omn-za,4/22/2022,78.4
omn-za,4/25/2022,77.32
omn-za,4/26/2022,79.02
omn-za,4/28/2022,82.23
omn-za,4/29/2022,83.41
omn-za,5/3/2022,82.03
omn-za,5/4/2022,81.02
omn-za,5/5/2022,81.99
omn-za,5/6/2022,80.89
omn-za,5/9/2022,78.85
omn-za,5/10/2022,79.98
omn-za,5/11/2022,81.64
omn-za,5/12/2022,81.98
omn-za,5/13/2022,84.61
omn-za,5/16/2022,85.34
omn-za,5/17/2022,85.24
omn-za,5/18/2022,86.46
omn-za,5/19/2022,85.01
omn-za,5/20/2022,86.22
omn-za,5/23/2022,86.68
omn-za,5/24/2022,85.74
omn-za,5/25/2022,83.5
omn-za,5/26/2022,85.19
omn-za,5/27/2022,86.58
omn-za,5/30/2022,86.95
omn-za,5/31/2022,83.59
omn-za,6/1/2022,87.09
omn-za,6/2/2022,86.65
